TransactionAmount,TransactionType,Location,Channel,CustomerAge,CustomerOccupation,TransactionDuration,LoginAttempts,AccountBalance,AgeGroup,Target
14.090000000000032,1,36,0,70.0,0,81.0,1.0,5112.21,Tua,1
376.24,1,15,0,68.0,0,141.0,1.0,13758.91,Tua,2
126.29000000000002,1,23,2,19.0,3,56.0,1.0,1122.3499999999995,Muda,2
184.5,1,33,2,26.0,3,25.0,1.0,8569.06,Muda,1
92.15,1,28,0,18.0,3,172.0,1.0,781.6800000000003,Muda,1
7.0800000000000125,0,39,0,37.0,0,139.0,1.0,13316.71,Dewasa,1
171.42,0,16,1,67.0,2,291.0,1.0,2796.24,Tua,2
106.23000000000002,0,11,1,51.0,1,86.0,1.0,9095.14,Dewasa,0
815.96,1,26,0,55.0,0,120.0,1.0,1021.8799999999997,Dewasa,2
17.779999999999973,0,0,2,52.0,1,59.0,1.0,7599.52,Dewasa,0
190.02,1,22,2,21.0,3,173.0,1.0,1528.81,Muda,2
494.52,0,23,1,24.0,3,111.0,1.0,1620.02,Muda,2
781.76,1,22,0,26.0,3,123.0,1.0,189.6899999999996,Muda,2
166.99,1,21,2,18.0,3,134.0,1.0,299.9300000000003,Muda,2
465.45,1,10,0,36.0,1,129.0,1.0,3465.54,Dewasa,0
555.8,0,2,1,19.0,3,158.0,1.0,1131.2600000000007,Muda,0
492.92999999999995,1,8,2,39.0,1,234.0,1.0,5109.97,Dewasa,0
18.680000000000035,0,0,1,59.0,2,106.0,1.0,7948.37,Tua,0
71.48000000000002,0,8,2,18.0,3,169.0,1.0,6568.59,Muda,0
59.31999999999999,1,20,1,71.0,2,38.0,1.0,5750.89,Tua,2
85.76999999999998,1,19,1,38.0,0,93.0,1.0,9146.19,Dewasa,2
145.53999999999996,1,33,2,21.0,3,96.0,1.0,1930.96,Muda,1
7.490000000000009,0,15,2,65.0,2,276.0,1.0,3634.67,Tua,2
40.31999999999999,1,25,1,37.0,1,95.0,1.0,2686.52,Dewasa,2
127.44999999999999,1,19,2,44.0,0,197.0,1.0,1772.06,Dewasa,2
56.170000000000016,1,11,1,27.0,3,283.0,1.0,1351.69,Muda,0
28.310000000000002,0,24,2,59.0,0,20.0,1.0,8334.47,Tua,2
59.120000000000005,1,3,0,29.0,0,257.0,1.0,9823.64,Muda,0
877.81,1,20,2,21.999999999999996,3,150.0,1.0,399.0,Muda,2
255.26,0,37,1,45.0,0,50.0,1.0,14815.869999999999,Dewasa,1
124.75999999999999,1,39,1,49.0,1,45.0,1.0,5764.72,Dewasa,1
78.13,1,25,1,26.0,3,145.0,1.0,900.6099999999997,Muda,2
335.63,1,28,2,55.0,2,216.0,1.0,1019.3899999999999,Dewasa,1
328.47,1,35,0,63.0,2,119.0,1.0,4323.66,Tua,1
34.02000000000001,1,30,2,38.0,0,19.0,1.0,14214.48,Dewasa,1
241.42,0,5,2,57.0,0,116.0,1.0,13357.02,Tua,0
55.31999999999999,1,40,0,19.0,3,117.0,1.0,241.78999999999996,Muda,1
304.31,1,21,1,27.0,3,33.0,1.0,868.6099999999997,Muda,2
164.49,1,3,1,26.0,3,75.0,1.0,1509.27,Muda,0
510.24,1,28,2,19.0,3,105.0,1.0,781.6999999999998,Muda,1
626.9,1,10,2,26.0,3,138.0,1.0,265.5100000000002,Muda,0
425.34,0,18,2,69.0,2,121.0,1.0,3907.54,Tua,2
85.43,1,41,1,67.0,0,145.0,1.0,14904.899999999998,Tua,1
169.5,1,36,1,28.0,3,142.0,1.0,918.8800000000001,Muda,1
104.63,1,29,0,62.0,2,90.0,1.0,4477.78,Tua,1
316.95,1,23,1,25.0,3,83.0,1.0,1324.0299999999997,Muda,2
60.53999999999999,0,8,1,57.0,2,52.0,1.0,3534.93,Tua,0
292.56,0,9,1,68.0,2,61.0,1.0,4638.37,Tua,0
386.52,1,16,1,48.0,1,28.0,1.0,5630.61,Dewasa,2
112.07,1,18,1,23.0,3,51.0,1.0,930.3000000000002,Muda,2
349.64,1,19,2,48.0,1,226.0,1.0,6651.62,Dewasa,2
601.4,0,30,1,56.0,1,104.0,1.0,8458.29,Tua,1
5.769999999999982,1,5,2,50.0,0,124.0,1.0,13988.119999999999,Dewasa,0
201.33,0,26,1,42.0,1,186.0,1.0,2585.07,Dewasa,2
298.42,1,16,1,56.0,2,225.0,1.0,3014.75,Tua,2
521.06,1,0,1,25.0,3,128.0,1.0,1951.42,Muda,0
117.28,0,2,2,60.0,1,16.0,1.0,3665.77,Tua,0
133.55,1,1,0,44.0,1,220.0,1.0,3846.28,Dewasa,0
143.21000000000004,1,9,2,35.0,1,135.0,1.0,6374.82,Dewasa,0
24.769999999999982,1,4,0,62.0,2,55.0,1.0,5866.01,Tua,0
233.92,0,17,2,26.0,3,280.0,1.0,6537.62,Muda,2
91.53,1,25,1,44.0,0,69.0,1.0,14676.05,Dewasa,2
120.29000000000002,1,24,1,19.0,3,77.0,1.0,1362.3900000000003,Muda,2
174.25,1,39,2,50.0,0,67.0,1.0,10528.34,Dewasa,1
183.71,1,10,0,38.0,1,102.0,1.0,552.5199999999995,Dewasa,0
259.91,1,10,2,49.0,0,170.0,1.0,7176.86,Dewasa,0
154.71,1,36,2,34.0,0,157.0,1.0,1523.7200000000003,Dewasa,1
24.560000000000002,1,23,1,64.0,0,69.0,1.0,9869.93,Tua,2
9.609999999999985,0,36,2,58.0,0,179.0,1.0,12883.91,Tua,1
392.96,1,18,2,24.0,3,100.0,1.0,791.6499999999996,Muda,2
716.93,0,25,2,60.0,2,34.0,1.0,4064.02,Tua,2
230.66,1,15,1,21.0,3,135.0,1.0,618.0500000000002,Muda,2
644.17,1,35,0,29.0,1,72.0,1.0,1143.52,Muda,1
508.68,0,23,1,51.0,1,127.0,1.0,7708.41,Dewasa,2
858.6300000000001,0,37,1,27.0,3,185.0,1.0,1872.96,Muda,1
25.360000000000014,1,21,0,57.0,1,78.0,1.0,201.03999999999996,Tua,2
147.62,1,5,1,71.0,2,133.0,1.0,2115.8,Tua,0
115.01999999999998,1,35,1,37.0,0,175.0,1.0,7643.66,Dewasa,1
383.37,1,13,1,30.0,1,24.0,1.0,8901.93,Muda,2
196.16,1,41,1,27.0,1,146.0,1.0,9418.86,Muda,1
129.94,1,19,0,32.0,1,235.0,1.0,7954.92,Muda,2
306.9,1,7,2,46.0,1,51.0,1.0,9418.08,Dewasa,0
114.98000000000002,1,39,2,59.0,2,80.0,1.0,6144.68,Tua,1
756.5900000000001,1,34,1,27.0,3,17.0,1.0,420.64999999999964,Muda,1
503.76,1,20,2,21.999999999999996,3,35.0,1.0,447.8199999999997,Muda,2
143.03,1,35,0,63.0,2,147.0,1.0,7981.45,Tua,1
254.37,0,9,2,51.0,1,174.0,1.0,8849.26,Dewasa,0
213.76,0,9,0,78.0,2,282.0,1.0,3528.72,Tua,0
327.86,1,14,2,40.0,1,104.0,1.0,480.15999999999985,Dewasa,2
2.5000000000000284,1,36,2,47.0,0,107.0,1.0,12145.27,Dewasa,1
300.08,0,2,2,68.0,0,47.0,1.0,13546.75,Tua,0
115.82999999999998,1,14,1,39.0,1,167.0,1.0,6481.04,Dewasa,2
53.56999999999999,1,15,0,69.0,2,121.0,1.0,1651.33,Tua,2
63.34,0,11,2,46.0,0,165.0,1.0,11174.94,Dewasa,0
331.65,1,32,2,41.0,1,61.0,1.0,4172.57,Dewasa,1
5.039999999999992,1,42,0,56.0,2,41.0,1.0,5558.36,Tua,1
214.54,0,11,2,70.0,0,247.0,1.0,11151.53,Tua,0
598.81,1,30,1,57.0,0,158.0,1.0,1415.52,Tua,1
841.28,1,40,2,26.0,3,80.0,1.0,1103.6400000000008,Muda,1
38.150000000000006,1,23,2,26.0,3,108.0,1.0,303.6800000000003,Muda,2
124.72,1,28,1,33.0,1,105.0,1.0,6309.8,Dewasa,1
302.45,0,35,1,78.0,2,40.000000000000014,1.0,5133.61,Tua,1
208.04,1,21,2,47.0,1,273.0,1.0,9344.98,Dewasa,2
5.769999999999982,0,20,1,23.0,3,254.0,1.0,1117.9700000000003,Muda,2
381.33,1,0,0,56.0,0,75.0,1.0,11835.35,Tua,0
16.159999999999997,1,25,0,50.0,0,124.0,1.0,14401.169999999998,Dewasa,2
486.08,1,28,2,18.0,3,68.0,1.0,1748.69,Muda,1
336.39,1,35,1,21.0,3,17.999999999999986,1.0,1000.46,Muda,1
234.57,1,6,2,23.0,3,120.0,1.0,263.9800000000005,Muda,0
6.000000000000028,1,6,2,30.0,0,246.0,1.0,5442.76,Muda,0
227.14,1,5,0,18.0,3,294.0,1.0,341.9399999999996,Muda,0
45.849999999999994,1,20,0,20.0,3,92.0,1.0,1659.15,Muda,2
415.5,1,22,0,66.0,0,141.0,1.0,10113.66,Tua,2
265.76,1,30,2,54.0,2,92.0,1.0,4446.17,Dewasa,1
69.4,1,41,2,80.0,2,113.0,1.0,6452.77,Tua,1
332.93,0,0,1,35.0,1,293.0,1.0,2788.2,Dewasa,0
267.9,1,35,2,20.0,3,160.0,1.0,596.1599999999999,Muda,1
496.03,1,37,1,61.0,0,265.0,1.0,12904.66,Tua,1
376.26,1,40,0,37.0,1,245.0,1.0,9062.4,Dewasa,1
83.01999999999998,0,39,2,36.0,1,171.0,1.0,9009.56,Dewasa,1
93.25999999999999,0,27,2,20.0,3,72.0,1.0,1152.1999999999994,Muda,1
803.3700000000001,0,22,1,68.0,0,129.0,1.0,12168.37,Tua,2
35.75999999999996,1,5,1,23.0,3,122.0,1.0,611.8599999999997,Muda,0
28.53000000000003,1,42,2,62.0,0,99.0,1.0,8670.53,Tua,1
139.53000000000003,0,21,2,53.0,0,177.0,1.0,10098.86,Dewasa,2
307.57,1,11,1,33.0,0,285.0,1.0,5307.74,Dewasa,0
60.650000000000006,0,40,1,56.0,2,53.0,1.0,1047.2800000000002,Tua,1
74.86000000000001,1,26,1,70.0,0,125.0,1.0,6921.48,Tua,2
231.91,1,22,0,34.0,1,165.0,1.0,112.76000000000022,Dewasa,2
126.20999999999998,1,3,1,75.0,2,268.0,1.0,5669.66,Tua,0
304.35,1,15,1,31.0,1,36.0,1.0,4057.1,Muda,2
281.85,1,11,0,21.999999999999996,3,109.0,1.0,1585.98,Muda,0
777.8800000000001,1,15,1,31.0,1,17.0,1.0,6825.55,Muda,2
119.18,1,20,1,56.0,2,96.0,1.0,5516.5,Tua,2
177.19,1,6,2,76.0,2,43.0,1.0,5343.3,Tua,0
260.88,1,10,1,21.999999999999996,3,36.0,1.0,903.0500000000002,Muda,0
169.47,1,6,2,24.0,3,19.0,1.0,1806.1599999999999,Muda,0
73.23000000000002,1,32,1,26.0,3,14.0,1.0,787.7399999999998,Muda,1
792.5700000000002,1,3,0,19.0,3,164.0,1.0,770.3699999999999,Muda,0
237.06,1,31,2,71.0,2,46.0,1.0,1182.77,Tua,1
34.170000000000016,0,30,2,54.0,1,54.0,1.0,726.5500000000002,Dewasa,1
740.25,1,30,2,41.0,0,123.0,1.0,14464.3,Dewasa,1
453.54,1,0,0,58.0,0,82.0,1.0,12046.3,Tua,0
300.47,1,17,1,73.0,2,100.0,1.0,7885.64,Tua,2
110.93,0,41,1,19.0,3,201.0,1.0,1952.35,Muda,1
201.69,1,19,0,59.0,0,299.0,1.0,7328.52,Tua,2
399.21,1,32,0,59.0,1,109.0,1.0,3210.39,Tua,1
630.36,1,23,0,62.0,2,52.0,1.0,1363.65,Tua,2
10.940000000000026,0,30,0,60.0,1,245.0,1.0,1241.9899999999998,Tua,1
215.9,1,20,0,38.0,0,235.0,1.0,7873.28,Dewasa,2
444.89,0,19,1,43.0,0,101.0,1.0,10328.23,Dewasa,2
280.57,0,41,2,25.0,3,24.0,1.0,293.2399999999998,Muda,1
3.299999999999983,0,20,1,50.0,0,131.0,1.0,11385.37,Dewasa,2
20.359999999999985,1,40,1,62.0,2,75.0,1.0,2762.48,Tua,1
493.11,1,7,1,53.0,2,236.0,1.0,7432.99,Dewasa,0
307.41,1,20,0,19.0,3,14.0,1.0,1057.0000000000005,Muda,2
11.180000000000007,1,1,2,43.0,0,161.0,1.0,5956.89,Dewasa,0
313.82,1,40,1,59.0,1,151.0,1.0,7261.59,Tua,1
288.04,1,10,0,68.0,2,63.0,1.0,1748.02,Tua,0
800.55,1,28,0,31.0,1,108.0,1.0,9660.22,Muda,1
485.54,1,15,0,46.0,1,143.0,1.0,6371.51,Dewasa,2
521.15,1,18,0,54.0,0,214.0,1.0,9442.47,Dewasa,2
304.93,1,32,0,65.0,0,158.0,1.0,13531.219999999998,Tua,1
694.2,1,25,0,61.0,2,72.0,1.0,1389.37,Tua,2
116.86000000000001,1,21,0,55.0,1,171.0,1.0,6706.56,Dewasa,2
74.88,1,1,0,25.0,3,202.0,1.0,420.6700000000001,Muda,0
890.24,0,19,2,33.0,1,161.0,1.0,5140.93,Dewasa,2
361.27,1,29,0,63.0,0,180.0,1.0,7945.57,Tua,1
131.56,1,5,1,44.0,0,42.0,1.0,5873.54,Dewasa,0
485.51,0,25,2,76.0,2,37.0,1.0,3074.45,Tua,2
547.87,1,8,0,64.0,2,131.0,1.0,6155.76,Tua,0
457.3,1,41,2,28.0,1,15.0,1.0,8318.29,Muda,1
506.24,1,6,0,58.0,1,64.0,1.0,230.09000000000015,Tua,0
486.59,1,16,1,57.0,2,119.0,1.0,2513.56,Tua,2
163.68,1,36,1,41.0,0,292.0,1.0,10090.05,Dewasa,1
581.65,1,4,0,21.999999999999996,3,176.0,1.0,480.1899999999996,Muda,0
523.74,1,28,0,43.0,0,159.0,1.0,13498.55,Dewasa,1
91.48000000000002,1,13,0,51.0,0,141.0,1.0,14942.779999999999,Dewasa,2
5.249999999999972,1,38,0,39.0,0,49.0,1.0,14143.32,Dewasa,1
54.03,0,25,0,56.0,2,161.0,1.0,6736.3,Tua,2
736.73,1,22,1,48.0,1,10.0,1.0,3313.07,Dewasa,2
33.06,0,13,2,53.0,2,170.0,1.0,1540.87,Dewasa,2
66.5,0,21,2,32.0,1,144.0,1.0,6820.23,Muda,2
588.54,1,32,1,32.0,1,130.0,1.0,714.4499999999998,Muda,1
173.5,1,26,0,21.0,3,282.0,1.0,1306.9099999999999,Muda,2
78.32999999999998,0,22,2,56.0,1,189.0,1.0,7255.33,Tua,2
40.66,1,21,1,59.0,2,156.0,1.0,1153.8400000000006,Tua,2
97.22,0,1,1,77.0,2,55.0,1.0,6647.73,Tua,0
34.06999999999999,1,30,1,21.999999999999996,3,81.0,1.0,8709.77,Muda,1
492.05999999999995,1,14,2,23.0,3,74.0,1.0,857.8999999999996,Muda,2
842.01,0,41,2,53.0,0,185.0,1.0,509.4499999999998,Dewasa,1
73.55000000000001,1,1,0,51.0,1,158.0,1.0,2812.06,Dewasa,0
760.53,1,31,2,57.0,1,118.0,1.0,6179.91,Tua,1
371.69,1,37,1,67.0,2,143.0,1.0,3484.32,Tua,1
218.96,1,39,0,18.0,3,13.0,1.0,754.21,Muda,1
227.39,1,1,2,18.0,3,65.0,1.0,751.0900000000001,Muda,0
237.99,0,18,1,39.0,0,86.0,1.0,8510.09,Dewasa,2
341.15,1,38,2,18.0,3,148.0,1.0,511.3699999999999,Muda,1
434.58,1,22,0,59.0,0,215.0,1.0,12648.32,Tua,2
312.88,0,32,1,54.0,1,44.0,1.0,233.21000000000004,Dewasa,1
75.15,1,4,0,23.0,3,154.0,1.0,1092.9200000000005,Muda,0
23.30000000000001,1,20,0,59.0,1,161.0,1.0,6711.15,Tua,2
47.379999999999995,0,39,2,25.0,3,61.0,1.0,459.3699999999999,Muda,1
488.15,1,21,1,43.0,1,168.0,1.0,7071.09,Dewasa,2
12.819999999999993,1,13,0,44.0,1,156.0,1.0,9045.19,Dewasa,2
535.91,1,19,2,43.0,1,22.0,1.0,9642.12,Dewasa,2
270.72,0,42,2,26.0,1,53.0,1.0,6263.96,Muda,1
97.98000000000002,1,10,1,72.0,2,17.999999999999986,1.0,7460.33,Tua,0
196.08,1,37,2,61.0,2,98.0,1.0,4233.82,Tua,1
251.18,1,38,0,42.0,1,246.0,1.0,8303.9,Dewasa,1
44.52000000000001,1,12,2,28.0,3,205.0,1.0,314.27999999999975,Muda,0
178.87,1,3,2,35.0,0,180.0,1.0,5241.23,Dewasa,0
386.68,1,27,1,46.0,0,128.0,1.0,6863.06,Dewasa,1
167.14,1,10,2,76.0,2,20.0,1.0,3877.73,Tua,0
345.22,1,14,1,69.0,2,253.0,1.0,4046.58,Tua,2
74.85,1,33,0,72.0,2,117.0,1.0,2409.73,Tua,1
671.73,1,42,1,58.0,1,54.0,1.0,5211.88,Tua,1
255.04,1,39,0,45.0,1,152.0,1.0,6217.86,Dewasa,1
45.77000000000001,1,30,2,25.0,3,109.0,1.0,5978.12,Muda,1
329.69,0,35,2,26.0,3,66.0,1.0,1671.6599999999999,Muda,1
47.420000000000016,1,36,0,64.0,0,28.0,1.0,8253.52,Tua,1
35.99000000000001,1,24,1,63.0,2,129.0,1.0,4489.79,Tua,2
151.19,0,27,1,37.0,0,96.0,1.0,11903.82,Dewasa,1
242.62,0,37,2,21.999999999999996,3,234.0,1.0,483.0199999999995,Muda,1
48.72,1,41,1,21.0,3,17.0,1.0,816.0799999999999,Muda,1
43.46000000000001,1,4,0,25.0,3,80.0,1.0,578.0600000000004,Muda,0
443.79,1,19,0,53.0,2,87.0,1.0,3133.85,Dewasa,2
365.14,1,9,2,68.0,2,57.0,1.0,5894.09,Tua,0
757.41,1,20,0,21.999999999999996,3,37.0,1.0,9532.42,Muda,2
20.539999999999992,1,13,1,51.0,1,72.0,1.0,5327.03,Dewasa,2
475.36,1,31,0,34.0,1,105.0,1.0,2000.6,Dewasa,1
34.74000000000001,1,37,0,56.0,2,24.0,1.0,6827.57,Tua,1
211.18,1,42,0,73.0,2,90.0,1.0,4069.17,Tua,1
211.36,0,13,1,51.0,1,286.0,1.0,7943.47,Dewasa,2
744.41,0,15,2,39.0,1,107.0,1.0,8842.47,Dewasa,2
61.43000000000001,1,31,2,24.0,3,170.0,1.0,1882.77,Muda,1
167.44,1,23,1,37.0,0,82.0,1.0,12526.71,Dewasa,2
361.46,1,26,2,21.0,3,83.0,1.0,4737.84,Muda,2
378.85,1,41,1,78.0,2,126.0,1.0,2300.53,Tua,1
241.11,1,8,1,30.0,0,55.0,1.0,12385.05,Muda,0
131.93,0,13,1,31.0,1,13.0,1.0,4547.06,Muda,2
485.54,1,21,2,19.0,3,148.0,1.0,1533.3199999999997,Muda,2
321.15,1,20,1,46.0,0,179.0,1.0,7005.05,Dewasa,2
711.3,1,38,1,21.0,3,51.0,1.0,955.3999999999996,Muda,1
12.22999999999999,1,15,0,42.0,1,139.0,1.0,7844.88,Dewasa,2
350.94,1,7,0,20.0,3,64.0,1.0,221.5600000000004,Muda,0
301.85,1,8,2,54.0,1,25.0,1.0,6586.19,Dewasa,0
29.340000000000003,1,21,2,65.0,2,30.0,1.0,3944.82,Tua,2
231.71,1,33,1,27.0,3,148.0,1.0,1127.9799999999996,Muda,1
179.43,1,28,0,58.0,2,244.0,1.0,2626.63,Tua,1
36.71000000000001,1,17,1,48.0,0,55.0,1.0,6459.38,Dewasa,2
138.12,0,20,1,53.0,0,281.0,1.0,1649.69,Dewasa,2
233.24,1,21,0,33.0,1,72.0,1.0,6939.23,Dewasa,2
436.64,1,20,1,31.0,0,111.0,1.0,14365.18,Muda,2
870.4300000000001,1,20,1,29.0,0,55.0,1.0,10115.18,Muda,2
354.4,1,6,0,74.0,2,128.0,1.0,7358.65,Tua,0
22.629999999999995,1,18,2,53.0,1,112.0,1.0,4438.03,Dewasa,2
182.19,1,23,1,26.0,3,53.0,1.0,1176.0999999999995,Muda,2
126.81,1,30,1,26.0,1,290.0,1.0,5427.98,Muda,1
288.17,1,41,2,37.0,1,50.0,1.0,3653.11,Dewasa,1
118.76999999999998,1,1,1,55.0,1,123.0,1.0,2104.82,Dewasa,0
651.82,1,16,0,21.0,3,166.0,1.0,1802.77,Muda,2
66.65,1,11,0,37.0,1,33.0,1.0,3559.96,Dewasa,0
98.53,1,10,1,69.0,2,166.0,1.0,3564.8,Tua,0
138.95,1,42,2,71.0,2,30.0,1.0,6752.92,Tua,1
33.890000000000015,1,26,1,26.0,3,177.0,1.0,1444.75,Muda,2
23.710000000000008,1,1,1,58.0,0,164.0,1.0,10788.89,Tua,0
26.06000000000003,1,36,0,65.0,0,283.0,1.0,12893.63,Tua,1
17.069999999999993,1,20,1,27.0,1,44.0,1.0,2798.15,Muda,2
703.8899999999999,1,35,2,46.0,1,62.0,1.0,3583.67,Dewasa,1
26.549999999999983,1,15,0,77.0,2,228.0,1.0,3085.38,Tua,2
147.4,1,38,1,42.0,1,259.0,1.0,6797.71,Dewasa,1
202.11,1,22,0,27.0,3,17.999999999999986,1.0,746.4700000000003,Muda,2
308.42,1,26,1,75.0,2,39.0,1.0,5427.81,Tua,2
11.180000000000007,1,24,0,53.0,1,144.0,1.0,7467.3,Dewasa,2
294.15,1,14,2,38.0,1,136.0,1.0,6362.16,Dewasa,2
139.45,1,4,2,27.0,3,31.0,1.0,1305.7600000000002,Muda,0
432.63,1,7,0,29.0,0,137.0,1.0,13648.36,Muda,0
131.43,1,5,2,43.0,0,65.0,1.0,1337.5,Dewasa,0
516.72,1,23,0,42.0,1,128.0,1.0,2015.69,Dewasa,2
374.5,0,37,1,26.0,3,178.0,1.0,1671.5100000000002,Muda,1
166.13,1,29,0,68.0,0,227.0,1.0,11822.53,Tua,1
626.9,1,6,0,23.0,3,146.0,1.0,587.1099999999997,Muda,0
466.85,1,2,1,56.0,2,165.0,1.0,5422.53,Tua,0
788.8400000000001,1,31,2,58.0,2,231.0,1.0,1913.73,Tua,1
525.28,1,7,0,69.0,2,134.0,1.0,4693.6,Tua,0
632.69,1,10,0,80.0,2,76.0,1.0,4363.74,Tua,0
124.35,1,28,0,72.0,2,90.0,1.0,3319.76,Tua,1
43.849999999999994,1,14,0,62.0,2,122.0,1.0,4356.98,Tua,2
283.81,1,36,1,28.0,3,29.000000000000014,1.0,1519.35,Muda,1
168.53,1,37,0,71.0,2,112.0,1.0,5962.58,Tua,1
218.59,0,10,1,40.0,1,123.0,1.0,6699.23,Dewasa,0
132.84000000000003,1,28,0,21.0,3,143.0,1.0,822.7300000000005,Muda,1
157.37,0,9,1,42.0,0,289.0,1.0,13964.309999999998,Dewasa,0
144.76999999999998,1,0,2,20.0,3,159.0,1.0,867.3199999999997,Muda,0
643.22,1,1,0,64.0,0,93.0,1.0,1035.8599999999992,Tua,0
208.07,1,28,2,32.0,0,36.0,1.0,8478.9,Muda,1
295.5,1,23,0,59.0,2,36.0,1.0,6280.66,Tua,2
30.22999999999999,1,2,0,44.0,0,99.0,1.0,481.1300000000001,Dewasa,0
180.24,1,31,1,58.0,1,144.0,1.0,8431.23,Tua,1
13.710000000000036,0,10,2,38.0,1,148.0,1.0,8342.79,Dewasa,0
96.54000000000002,1,27,1,58.0,2,95.0,1.0,7182.22,Tua,1
101.04000000000002,1,35,0,27.0,3,160.0,1.0,1695.5699999999997,Muda,1
39.66,1,41,1,52.0,1,169.0,1.0,8497.34,Dewasa,1
99.36000000000001,1,39,0,40.0,0,46.0,1.0,1272.12,Dewasa,1
123.85,1,19,2,56.0,1,244.0,1.0,3959.62,Tua,2
426.93,1,29,0,19.0,3,248.0,1.0,476.1899999999996,Muda,1
133.73,0,38,2,25.0,3,123.0,1.0,1872.2200000000003,Muda,1
222.39,1,41,2,49.0,1,73.0,1.0,3117.3900000000003,Dewasa,1
215.94,0,41,2,21.999999999999996,3,140.0,1.0,1841.69,Muda,1
131.46,1,5,1,67.0,2,258.0,1.0,6642.33,Tua,0
202.86,0,22,1,61.0,0,149.0,1.0,7642.25,Tua,2
268.39,1,24,0,26.0,3,171.0,1.0,136.73999999999978,Muda,2
353.82,1,25,0,42.0,0,143.0,1.0,705.75,Dewasa,2
364.42,1,7,0,51.0,1,146.0,1.0,8119.73,Dewasa,0
195.12,1,21,0,46.0,0,144.0,1.0,6101.15,Dewasa,2
230.61,1,33,1,80.0,2,204.0,1.0,2561.42,Tua,1
739.28,0,40,1,58.0,0,47.0,1.0,11905.64,Tua,1
390.35,0,29,0,64.0,0,61.0,1.0,7095.88,Tua,1
242.03,1,9,2,58.0,1,124.0,1.0,4382.73,Tua,0
242.39,0,35,0,18.0,3,271.0,1.0,1328.73,Muda,1
135.02999999999997,1,37,0,23.0,3,180.0,1.0,1278.0,Muda,1
193.54,1,28,1,80.0,2,267.00000000000006,1.0,2929.51,Tua,1
775.23,0,0,2,59.0,0,38.0,1.0,5977.59,Tua,0
266.57,1,12,0,72.0,2,100.0,1.0,7676.92,Tua,0
153.4,1,23,0,45.0,1,144.0,1.0,4657.7,Dewasa,2
5.120000000000033,1,27,1,34.0,1,90.0,1.0,3293.01,Dewasa,1
119.11000000000001,1,11,0,57.0,1,131.0,1.0,7998.25,Tua,0
119.72,1,40,1,30.0,1,123.0,1.0,3435.34,Muda,1
107.4,1,41,2,58.0,0,32.0,1.0,344.0699999999997,Tua,1
115.92000000000002,1,33,0,53.0,2,57.0,1.0,3897.17,Dewasa,1
438.04,1,30,0,67.0,2,247.0,1.0,5358.95,Tua,1
677.29,1,15,2,27.0,1,287.0,1.0,627.79,Muda,2
296.0,1,19,1,35.0,0,248.0,1.0,7418.82,Dewasa,2
299.09,0,4,1,36.0,1,84.0,1.0,5615.26,Dewasa,0
461.52,0,10,1,24.0,3,44.0,1.0,1995.1800000000003,Muda,0
100.51999999999998,1,19,0,50.0,1,110.0,1.0,453.3900000000003,Dewasa,2
85.35,1,42,0,66.0,2,166.0,1.0,2173.76,Tua,1
79.75999999999999,1,33,1,39.0,1,170.0,1.0,6452.14,Dewasa,1
778.49,0,29,2,75.0,2,107.0,1.0,7713.67,Tua,1
386.38,1,31,2,42.0,1,135.0,1.0,5528.36,Dewasa,1
14.289999999999964,1,20,0,34.0,1,150.0,1.0,7016.99,Dewasa,2
232.79,0,16,1,55.0,2,145.0,1.0,2661.3,Dewasa,2
293.97,1,31,1,68.0,2,153.0,1.0,7371.85,Tua,1
136.32,1,24,2,19.0,3,113.0,1.0,264.8299999999999,Muda,2
251.06,1,7,2,36.0,0,34.0,1.0,10001.66,Dewasa,0
50.170000000000016,0,34,0,77.0,2,35.0,1.0,7752.14,Tua,1
21.400000000000006,1,14,1,34.0,1,258.0,1.0,9594.11,Dewasa,2
73.28,1,4,1,21.0,3,21.0,1.0,1329.4099999999999,Muda,0
70.23000000000002,1,22,0,38.0,0,260.0,1.0,11624.93,Dewasa,2
689.29,1,12,0,21.999999999999996,3,100.0,1.0,168.84000000000015,Muda,0
745.03,1,13,2,28.0,3,231.0,1.0,160.5699999999997,Muda,2
54.610000000000014,1,25,0,58.0,1,160.0,1.0,7135.64,Tua,2
54.05000000000001,1,21,1,27.0,3,146.0,1.0,469.1400000000003,Muda,2
107.47,1,2,2,67.0,2,144.0,1.0,7517.5,Tua,0
219.63,1,5,0,48.0,0,44.0,1.0,8013.63,Dewasa,0
93.51999999999998,1,30,2,51.0,1,97.0,1.0,2791.2,Dewasa,1
275.92,0,26,1,62.0,2,107.0,1.0,1777.38,Tua,2
376.79,1,25,1,68.0,2,265.0,1.0,7749.14,Tua,2
697.32,1,1,2,68.0,2,91.0,1.0,2016.02,Tua,0
442.74,1,36,1,23.0,3,136.0,1.0,1790.27,Muda,1
623.9,1,38,0,27.0,3,249.0,1.0,711.4700000000003,Muda,1
63.41,1,13,0,26.0,3,36.0,1.0,1546.2200000000003,Muda,2
346.85,1,18,0,44.0,0,88.0,1.0,7208.15,Dewasa,2
7.5,1,9,2,63.0,2,36.0,1.0,6485.78,Tua,0
206.46,1,41,0,65.0,2,279.0,1.0,3984.38,Tua,1
423.11,1,8,0,60.0,1,47.0,1.0,412.77999999999975,Tua,0
35.84,0,7,2,54.0,2,172.0,1.0,4795.65,Dewasa,0
88.6,0,33,1,28.0,3,105.0,1.0,246.5699999999997,Muda,1
22.460000000000008,1,27,2,54.0,2,78.0,1.0,6631.5,Dewasa,1
334.89,1,13,2,21.0,3,260.0,1.0,1661.6800000000003,Muda,2
319.27,0,29,2,54.0,2,59.0,1.0,5504.01,Dewasa,1
144.3,1,28,0,18.0,3,88.0,1.0,312.1899999999996,Muda,1
348.7,0,14,1,69.0,2,149.0,1.0,2445.58,Tua,2
366.21,1,28,0,62.0,0,181.0,1.0,10862.99,Tua,1
99.11000000000001,1,30,2,55.0,2,12.0,1.0,5414.87,Dewasa,1
539.35,1,25,0,55.0,2,127.0,1.0,3919.44,Dewasa,2
188.99,1,28,1,58.0,1,92.0,1.0,7315.34,Tua,1
710.1400000000001,1,12,0,26.0,3,227.0,1.0,465.6300000000001,Muda,0
308.68,1,25,2,53.0,0,170.0,1.0,9992.36,Dewasa,2
166.68,1,23,0,57.0,2,139.0,1.0,5141.19,Tua,2
66.57999999999998,1,33,1,23.0,3,79.0,1.0,1636.3199999999997,Muda,1
223.43,1,9,1,77.0,2,178.0,1.0,7932.41,Tua,0
659.95,1,11,2,60.0,1,114.0,1.0,3927.69,Tua,0
634.86,1,6,0,27.0,3,45.0,1.0,588.5,Muda,0
286.5,0,4,1,30.0,1,60.0,1.0,8517.95,Muda,0
322.96,0,30,1,76.0,2,168.0,1.0,2401.59,Tua,1
654.48,1,8,1,19.0,3,114.0,1.0,6776.41,Muda,0
157.97,1,30,1,48.0,0,140.0,1.0,5529.92,Dewasa,1
254.77,1,10,1,57.0,1,57.0,1.0,5994.87,Tua,0
795.96,1,33,2,65.0,2,119.0,1.0,5468.58,Tua,1
149.25,1,29,0,39.0,1,142.0,1.0,5677.52,Dewasa,1
68.19,0,14,2,40.0,0,189.0,1.0,9895.1,Dewasa,2
37.57000000000002,1,12,0,57.0,2,42.0,1.0,7739.54,Tua,0
448.33,1,1,0,25.0,3,161.0,1.0,922.1899999999996,Muda,0
8.650000000000006,1,19,2,48.0,0,273.0,1.0,10778.35,Dewasa,2
539.81,1,37,2,46.0,1,177.0,1.0,2051.25,Dewasa,1
363.53,1,18,0,63.0,2,142.0,1.0,1038.9099999999999,Tua,2
64.9,0,11,1,51.0,2,72.0,1.0,6854.61,Dewasa,0
358.18,1,4,0,18.0,3,157.0,1.0,619.8599999999997,Muda,0
167.2,1,35,1,30.0,0,84.0,1.0,11320.83,Muda,1
121.91,1,6,1,60.0,0,133.0,1.0,14510.8,Tua,0
137.57,1,21,2,54.0,1,70.0,1.0,5103.67,Dewasa,2
534.62,1,28,2,55.0,0,45.0,1.0,13793.529999999999,Dewasa,1
463.92,1,23,2,50.0,1,199.0,1.0,2403.39,Dewasa,2
320.14,1,25,2,60.0,2,96.0,1.0,3075.9700000000003,Tua,2
214.93,1,0,2,28.0,3,52.0,1.0,7835.4,Muda,0
660.02,1,26,1,20.0,3,84.0,1.0,414.4300000000003,Muda,2
345.81,1,33,1,40.0,1,135.0,1.0,6116.8,Dewasa,1
143.54000000000002,1,30,0,71.0,2,80.0,1.0,6067.62,Tua,1
541.79,1,23,0,21.999999999999996,3,125.0,1.0,1454.08,Muda,2
40.56999999999999,1,8,1,26.0,3,63.0,1.0,1476.9099999999999,Muda,0
498.67,1,24,2,28.0,3,244.0,1.0,1719.9700000000003,Muda,2
227.22,1,12,0,53.0,0,220.0,1.0,832.8199999999997,Dewasa,0
59.44,1,6,2,35.0,1,176.0,1.0,5472.03,Dewasa,0
230.46,1,23,2,19.0,3,179.0,1.0,162.52999999999975,Muda,2
65.09,0,39,2,44.0,1,159.0,1.0,9370.9,Dewasa,1
457.09,0,26,2,55.0,1,63.0,1.0,8570.82,Dewasa,2
552.02,0,6,0,44.0,1,100.0,1.0,522.0799999999999,Dewasa,0
377.12,1,15,0,34.0,1,61.0,1.0,836.6700000000001,Dewasa,2
204.56,0,36,1,18.0,3,179.0,1.0,364.72000000000025,Muda,1
420.28,1,42,1,35.0,0,144.0,1.0,8557.32,Dewasa,1
124.59,1,5,1,27.0,3,171.0,1.0,129.28999999999996,Muda,0
73.88,1,5,2,39.0,0,34.0,1.0,6474.41,Dewasa,0
245.93,1,14,1,54.0,1,172.0,1.0,7986.63,Dewasa,2
622.41,1,16,0,64.0,0,125.0,1.0,7322.01,Tua,2
43.72999999999999,1,29,0,34.0,0,145.0,1.0,9929.43,Dewasa,1
2.030000000000001,0,11,0,33.0,1,28.0,1.0,3012.31,Dewasa,0
770.6500000000001,1,17,2,31.0,0,137.0,1.0,7198.8,Muda,2
260.31,1,2,1,63.0,0,113.0,1.0,10980.38,Tua,0
356.1,0,13,1,26.0,3,187.0,1.0,868.3500000000004,Muda,2
27.069999999999993,0,41,1,80.0,2,39.0,1.0,3773.29,Tua,1
119.88999999999999,1,40,0,67.0,0,60.0,1.0,6697.77,Tua,1
106.38999999999999,1,41,2,37.0,0,281.0,1.0,9410.99,Dewasa,1
12.04000000000002,1,13,2,37.0,1,58.00000000000001,1.0,6213.32,Dewasa,2
29.379999999999995,0,3,1,28.0,3,63.0,1.0,1663.31,Muda,0
319.85,1,10,0,60.0,0,148.0,1.0,711.6599999999999,Tua,0
350.14,0,20,2,75.0,2,38.0,1.0,2403.25,Tua,2
163.94,0,41,1,52.0,2,73.0,1.0,5957.37,Dewasa,1
170.53,1,28,1,24.0,3,58.00000000000001,1.0,801.0100000000002,Muda,1
41.49000000000001,1,0,2,24.0,3,13.0,1.0,928.3299999999999,Muda,0
121.43,0,34,1,52.0,1,243.0,1.0,7365.28,Dewasa,1
350.46,1,26,1,51.0,2,165.0,1.0,5839.38,Dewasa,2
220.41,0,12,2,26.0,1,155.0,1.0,5116.98,Muda,0
33.460000000000036,1,39,0,72.0,2,111.0,1.0,3641.07,Tua,1
104.79000000000002,1,10,0,70.0,0,223.0,1.0,1352.19,Tua,0
246.27,1,14,2,29.0,0,141.0,1.0,7299.86,Muda,2
48.849999999999994,1,9,0,19.0,3,176.0,1.0,1503.56,Muda,0
332.0,1,5,0,69.0,2,17.0,1.0,5943.13,Tua,0
118.1,1,22,2,54.0,1,167.0,1.0,895.6599999999999,Dewasa,2
84.59,0,19,1,67.0,0,10.0,1.0,5669.1,Tua,2
295.64,1,17,2,21.0,3,82.0,1.0,1061.96,Muda,2
514.33,1,30,1,25.0,3,160.0,1.0,1592.94,Muda,1
94.59,1,42,2,39.0,0,34.0,1.0,6171.89,Dewasa,1
80.43,1,8,1,59.0,2,157.0,1.0,5987.67,Tua,0
54.25,1,41,2,68.0,0,37.0,1.0,14783.329999999998,Tua,1
518.85,1,18,2,21.999999999999996,3,82.0,1.0,1806.0,Muda,2
10.650000000000006,1,21,2,54.0,0,161.0,1.0,13240.720000000001,Dewasa,2
107.03,1,24,1,27.0,3,73.0,1.0,1408.0699999999997,Muda,2
346.11,1,9,1,41.0,1,213.0,1.0,9551.64,Dewasa,0
138.06,1,5,1,44.0,1,159.0,1.0,1070.4699999999998,Dewasa,0
158.02,1,27,0,49.0,1,120.0,1.0,9374.24,Dewasa,1
830.01,0,6,2,66.0,2,96.0,1.0,4253.18,Tua,0
110.49000000000001,1,33,2,57.0,0,48.0,1.0,10483.93,Tua,1
329.4,1,10,2,34.0,0,68.0,1.0,9588.07,Dewasa,0
635.4,1,10,0,47.0,0,106.0,1.0,1238.1099999999997,Dewasa,0
769.97,1,36,1,21.999999999999996,3,23.0,1.0,1244.9300000000003,Muda,1
175.07,1,7,1,26.0,3,169.0,1.0,1040.2499999999995,Muda,0
7.310000000000002,1,19,1,78.0,2,282.0,1.0,5757.67,Tua,2
56.120000000000005,1,12,0,30.0,0,102.0,1.0,8839.67,Muda,0
424.7,0,24,2,56.0,2,178.0,1.0,6239.89,Tua,2
35.72999999999999,1,24,1,65.0,0,87.0,1.0,9073.17,Tua,2
3.4399999999999977,1,13,0,78.0,2,108.0,1.0,7561.33,Tua,2
139.03,0,20,2,50.0,1,81.0,1.0,2276.57,Dewasa,2
254.92,0,35,0,28.0,1,169.0,1.0,2791.12,Muda,1
115.11000000000001,1,0,2,28.0,1,139.0,1.0,9808.97,Muda,0
171.11,1,37,0,57.0,2,171.0,1.0,6324.09,Tua,1
408.46,1,33,1,64.0,2,28.0,1.0,3140.79,Tua,1
342.17,0,27,1,21.0,3,247.0,1.0,461.8299999999999,Muda,1
580.71,1,30,0,53.0,1,95.0,1.0,5670.0,Dewasa,1
821.54,0,1,1,79.0,2,36.0,1.0,4040.32,Tua,0
253.47,1,1,1,20.0,3,238.0,1.0,220.51000000000022,Muda,0
22.810000000000002,1,27,2,62.0,2,75.0,1.0,3634.76,Tua,1
266.57,0,4,2,39.0,1,96.0,1.0,7180.48,Dewasa,0
374.61,0,23,2,75.0,2,37.0,1.0,1389.71,Tua,2
339.35,0,4,0,78.0,2,70.0,1.0,5002.7,Tua,0
810.3600000000001,1,8,0,20.0,3,67.0,1.0,9239.12,Muda,0
9.830000000000041,1,22,0,24.0,3,86.0,1.0,666.4200000000001,Muda,2
135.57,0,4,1,51.0,0,116.0,1.0,11351.64,Dewasa,0
340.05,1,11,0,43.0,1,37.0,1.0,7234.15,Dewasa,0
283.45,1,7,1,27.0,1,127.0,1.0,2049.51,Muda,0
100.99000000000001,1,27,0,68.0,0,114.0,1.0,8865.27,Tua,1
90.88,1,0,1,18.0,3,176.0,1.0,3908.47,Muda,0
655.15,1,39,0,26.0,1,264.0,1.0,5587.44,Muda,1
320.55,1,25,2,50.0,1,118.0,1.0,438.75,Dewasa,2
41.50999999999999,1,31,2,28.0,3,48.0,1.0,609.6000000000004,Muda,1
71.53,0,17,1,68.0,2,39.0,1.0,2393.73,Tua,2
467.13,0,18,1,54.0,2,45.0,1.0,3914.84,Dewasa,2
235.4,1,11,1,28.0,3,70.0,1.0,818.3599999999997,Muda,0
159.32,1,39,1,18.0,3,100.0,1.0,304.4399999999996,Muda,1
50.829999999999984,0,30,2,30.0,0,48.0,1.0,9553.42,Muda,1
56.889999999999986,0,15,1,59.0,1,56.0,1.0,3034.67,Tua,2
20.22,1,17,0,43.0,1,138.0,1.0,5515.32,Dewasa,2
50.400000000000006,1,35,1,36.0,0,84.0,1.0,1677.0100000000002,Dewasa,1
73.88,1,20,1,53.0,2,131.0,1.0,4055.55,Dewasa,2
119.61000000000001,1,36,0,33.0,0,53.0,1.0,9899.94,Dewasa,1
116.57999999999998,1,33,1,43.0,1,247.0,1.0,2620.74,Dewasa,1
156.26,0,41,1,46.0,1,160.0,1.0,7854.1,Dewasa,1
427.0,0,28,1,49.0,1,163.0,1.0,8253.65,Dewasa,1
67.57,1,5,1,37.0,1,107.0,1.0,2766.12,Dewasa,0
326.29,1,10,2,56.0,1,179.0,1.0,8171.26,Tua,0
158.56,1,34,0,33.0,0,100.0,1.0,5401.21,Dewasa,1
56.02000000000001,1,22,2,27.0,3,142.0,1.0,3548.02,Muda,2
245.67,0,32,1,24.0,3,107.0,1.0,752.25,Muda,1
114.35,0,12,1,41.0,1,21.0,1.0,469.1199999999999,Dewasa,0
504.63,1,32,2,60.0,1,168.0,1.0,3806.16,Tua,1
820.1500000000001,1,18,1,47.0,0,181.0,1.0,8802.97,Dewasa,2
8.370000000000005,1,7,0,63.0,2,135.0,1.0,1106.3400000000001,Tua,0
197.49,0,14,2,53.0,2,30.0,1.0,5005.33,Dewasa,2
637.97,1,27,1,58.0,2,90.0,1.0,7949.03,Tua,1
13.519999999999982,1,39,0,26.0,3,65.0,1.0,259.7699999999995,Muda,1
432.1,1,37,0,49.0,1,240.0,1.0,2114.3,Dewasa,1
642.68,1,14,1,50.0,0,94.0,1.0,8461.46,Dewasa,2
78.44,0,38,2,52.0,2,292.0,1.0,6870.84,Dewasa,1
139.72000000000003,1,22,1,49.0,1,201.0,1.0,5058.83,Dewasa,2
499.99,1,38,1,31.0,1,296.0,1.0,8885.0,Muda,1
10.070000000000022,1,0,2,24.0,3,49.0,1.0,530.8100000000004,Muda,0
120.62,1,33,0,23.0,3,85.0,1.0,9379.53,Muda,1
578.49,1,26,1,59.0,2,180.0,1.0,6475.13,Tua,2
280.92,1,31,2,41.0,0,168.0,1.0,5298.85,Dewasa,1
42.420000000000016,1,34,2,21.0,3,102.0,1.0,490.5699999999997,Muda,1
77.03,1,14,0,67.0,0,259.0,1.0,11310.27,Tua,2
22.590000000000003,1,39,0,62.0,2,45.0,1.0,3988.75,Tua,1
568.76,1,3,0,51.0,2,155.0,1.0,7484.32,Dewasa,0
105.94,1,28,1,51.0,1,207.0,1.0,5963.1,Dewasa,1
350.15,0,14,0,21.0,3,195.0,1.0,296.47000000000025,Muda,2
183.67,1,36,2,19.0,3,238.0,1.0,910.2600000000002,Muda,1
278.27,1,40,1,29.0,0,123.0,1.0,6684.34,Muda,1
470.3,1,2,0,40.0,0,88.0,1.0,8524.09,Dewasa,0
261.69,1,30,0,53.0,2,84.0,1.0,5126.65,Dewasa,1
365.04,1,41,1,21.999999999999996,3,94.0,1.0,873.8900000000003,Muda,1
211.1,1,24,1,57.0,2,136.0,1.0,7059.77,Tua,2
21.49000000000001,1,10,0,58.0,0,240.0,1.0,11991.24,Tua,0
63.579999999999984,1,8,0,18.0,3,199.0,1.0,8086.04,Muda,0
321.86,1,35,0,63.0,0,167.0,1.0,12626.49,Tua,1
642.54,1,25,1,44.0,1,28.0,1.0,3143.17,Dewasa,2
313.65,0,6,1,55.0,2,173.0,1.0,1886.3599999999997,Dewasa,0
99.75999999999999,1,34,1,26.0,3,131.0,1.0,416.8900000000003,Muda,1
115.32,1,10,1,53.0,2,113.0,1.0,5929.08,Dewasa,0
33.61000000000004,1,25,2,23.0,3,72.0,1.0,479.0799999999999,Muda,2
498.59,0,28,2,33.0,0,32.0,1.0,5862.99,Dewasa,1
98.81,1,37,1,27.0,3,91.0,1.0,797.1000000000004,Muda,1
1.8700000000000045,1,42,0,65.0,2,147.0,1.0,7287.94,Tua,1
78.92000000000002,0,17,2,59.0,1,95.0,1.0,5624.86,Tua,2
194.29,0,39,1,39.0,1,10.0,1.0,2988.41,Dewasa,1
105.53,1,7,2,24.0,3,88.0,1.0,1433.6599999999999,Muda,0
737.3399999999999,1,24,2,30.0,0,34.0,1.0,7336.56,Muda,2
237.86,1,30,0,18.0,3,210.0,1.0,475.6300000000001,Muda,1
409.61,1,18,1,65.0,0,89.0,1.0,11698.15,Tua,2
75.53,0,14,2,21.0,3,157.0,1.0,1034.3499999999995,Muda,2
72.75,1,31,0,64.0,0,15.0,1.0,12042.79,Tua,1
39.110000000000014,1,8,2,26.0,3,143.0,1.0,518.54,Muda,0
729.3799999999999,1,20,0,68.0,0,90.0,1.0,9127.65,Tua,2
137.49,1,13,0,34.0,1,50.0,1.0,4471.05,Dewasa,2
504.71,1,11,2,29.0,1,61.0,1.0,6214.54,Muda,0
371.47,0,25,1,24.0,3,58.00000000000001,1.0,1187.0399999999995,Muda,2
430.35,1,5,2,36.0,0,205.0,1.0,354.89999999999964,Dewasa,0
230.32,1,19,1,35.0,1,56.0,1.0,791.46,Dewasa,2
121.70999999999998,1,6,0,52.0,2,140.0,1.0,5878.89,Dewasa,0
98.87,1,11,2,20.0,3,179.0,1.0,533.1999999999998,Muda,0
117.55000000000001,1,14,0,24.0,3,35.0,1.0,897.9399999999996,Muda,2
244.64,1,40,1,30.0,0,103.0,1.0,9159.56,Muda,1
321.93,1,26,0,45.0,1,12.0,1.0,4392.73,Dewasa,2
346.65,1,42,2,30.0,1,60.0,1.0,6356.96,Muda,1
388.65,1,28,0,76.0,2,43.0,1.0,7896.85,Tua,1
29.21999999999997,1,35,0,24.0,3,151.0,1.0,1649.4300000000003,Muda,1
46.75,1,7,1,67.0,2,150.0,1.0,2840.43,Tua,0
348.64,1,38,2,57.0,2,128.0,1.0,3274.96,Tua,1
319.17,1,40,2,73.0,2,81.0,1.0,6501.56,Tua,1
73.94999999999999,1,18,0,26.0,3,76.0,1.0,363.9200000000001,Muda,2
389.63,1,23,2,27.0,1,99.0,1.0,9748.48,Muda,2
217.61,1,6,0,19.0,3,45.0,1.0,1404.5299999999997,Muda,0
199.84,1,9,0,21.0,3,150.0,1.0,706.4399999999996,Muda,0
56.349999999999994,1,5,0,44.0,0,75.0,1.0,5095.73,Dewasa,0
248.95,0,37,1,65.0,2,29.000000000000014,1.0,3059.79,Tua,1
142.58000000000004,1,35,0,33.0,1,145.0,1.0,7844.23,Dewasa,1
333.78,1,36,0,60.0,2,98.0,1.0,6810.94,Tua,1
332.59,1,35,2,55.0,2,143.0,1.0,1457.0699999999997,Dewasa,1
236.81,1,28,1,21.999999999999996,3,15.0,1.0,813.6800000000003,Muda,1
417.8,0,30,1,27.0,3,130.0,1.0,1518.8199999999997,Muda,1
319.27,1,35,0,50.0,0,150.0,1.0,10269.78,Dewasa,1
820.6200000000001,0,14,1,61.0,0,158.0,1.0,6024.8,Tua,2
474.77,0,16,2,56.0,1,50.0,1.0,2158.59,Tua,2
542.72,0,16,1,43.0,0,92.0,1.0,6011.8,Dewasa,2
79.80000000000001,1,13,0,73.0,2,76.0,1.0,6372.58,Tua,2
46.24000000000001,1,36,1,57.0,1,52.0,1.0,2569.56,Tua,1
327.8,1,37,0,61.0,0,54.0,1.0,10585.48,Tua,1
445.79,1,19,0,52.0,0,161.0,1.0,717.9899999999998,Dewasa,2
55.889999999999986,1,14,2,72.0,2,150.0,1.0,3689.65,Tua,2
158.41,1,34,1,28.0,3,16.0,1.0,1512.1599999999999,Muda,1
101.19,0,10,2,64.0,0,75.0,1.0,14389.45,Tua,0
61.97,1,31,0,74.0,2,95.0,1.0,7014.69,Tua,1
27.210000000000008,1,38,0,79.0,2,102.0,1.0,3520.61,Tua,1
173.74,1,15,2,80.0,2,64.0,1.0,4913.42,Tua,2
176.11,1,38,1,38.0,1,105.0,1.0,9155.35,Dewasa,1
88.4,1,13,2,46.0,1,174.0,1.0,2567.53,Dewasa,2
567.92,1,8,2,53.0,2,14.0,1.0,3779.47,Dewasa,0
138.11,0,31,2,68.0,2,104.0,1.0,4177.65,Tua,1
456.93,0,41,1,28.0,1,193.0,1.0,7284.76,Muda,1
101.42000000000002,1,1,2,66.0,2,146.0,1.0,6530.59,Tua,0
300.61,1,12,2,44.0,0,51.0,1.0,7895.54,Dewasa,0
265.94,1,4,2,54.0,1,132.0,1.0,6781.3,Dewasa,0
345.54,1,36,2,29.0,1,50.0,1.0,2091.78,Muda,1
411.52,1,20,0,41.0,0,88.0,1.0,11108.39,Dewasa,2
111.20999999999998,1,32,1,35.0,0,111.0,1.0,9088.36,Dewasa,1
316.37,1,7,0,53.0,1,86.0,1.0,4671.69,Dewasa,0
260.63,1,13,1,37.0,1,142.0,1.0,7534.73,Dewasa,2
92.36000000000001,1,9,0,29.0,1,144.0,1.0,6353.14,Muda,0
262.06,1,28,1,63.0,0,118.0,1.0,13587.52,Tua,1
64.5,1,10,0,74.0,2,230.0,1.0,1351.2399999999998,Tua,0
175.94,1,16,0,57.0,2,89.0,1.0,3728.04,Tua,2
199.47,1,11,2,57.0,0,142.0,1.0,6067.44,Tua,0
51.06999999999999,1,9,1,63.0,2,133.0,1.0,4292.16,Tua,0
435.86,1,17,0,56.0,2,134.0,1.0,3801.82,Tua,2
74.73000000000002,0,17,1,64.0,2,162.0,1.0,6353.22,Tua,2
182.79,0,21,2,23.0,3,14.0,1.0,1251.85,Muda,2
628.36,1,2,2,44.0,0,108.0,1.0,11869.71,Dewasa,0
268.39,1,35,2,29.0,0,177.0,1.0,9409.43,Muda,1
560.15,0,22,2,50.0,1,92.0,1.0,817.8299999999999,Dewasa,2
132.36,1,7,1,28.0,3,160.0,1.0,319.64999999999964,Muda,0
24.769999999999982,0,26,2,40.0,1,17.0,1.0,478.2300000000005,Dewasa,2
80.24000000000001,0,27,1,53.0,0,58.00000000000001,1.0,8012.81,Dewasa,1
8.650000000000006,1,23,0,68.0,2,198.0,1.0,4201.22,Tua,2
178.91,1,29,0,18.0,3,19.0,1.0,8870.89,Muda,1
115.22,1,37,1,27.0,1,108.0,1.0,906.1999999999998,Muda,1
161.63,1,38,2,46.0,0,276.0,1.0,9286.37,Dewasa,1
542.75,0,26,1,70.0,2,63.0,1.0,2224.08,Tua,2
317.47,0,34,2,67.0,0,16.0,1.0,14639.279999999999,Tua,1
280.99,1,15,1,45.0,1,29.000000000000014,1.0,9733.59,Dewasa,2
24.189999999999998,1,36,0,29.0,1,28.0,1.0,2756.2,Muda,1
372.41,1,36,0,55.0,2,143.0,1.0,3233.87,Dewasa,1
247.17,0,6,1,65.0,2,149.0,1.0,2611.64,Tua,0
48.78,0,18,1,18.0,3,136.0,1.0,552.0600000000004,Muda,2
4.150000000000006,0,29,1,60.0,2,119.0,1.0,6017.36,Tua,1
60.99000000000001,1,28,1,34.0,1,58.00000000000001,1.0,7281.46,Dewasa,1
408.19,1,23,1,26.0,1,241.0,1.0,6847.47,Muda,2
524.6,1,12,1,58.0,0,76.0,1.0,13017.7,Tua,0
108.95999999999998,1,25,0,26.0,3,247.0,1.0,7597.66,Muda,2
70.03,1,26,1,63.0,2,49.0,1.0,7330.31,Tua,2
324.04,1,41,0,54.0,2,30.0,1.0,2248.06,Dewasa,1
39.69,1,2,2,70.0,2,163.0,1.0,3524.68,Tua,0
81.26999999999998,0,39,2,21.999999999999996,3,68.0,1.0,1814.48,Muda,1
193.82,1,18,1,37.0,1,176.0,1.0,3886.77,Dewasa,2
474.05,1,38,0,57.0,2,214.0,1.0,1484.31,Tua,1
637.75,1,9,1,79.0,2,152.0,1.0,4202.92,Tua,0
153.59,0,32,1,66.0,2,174.0,1.0,4813.12,Tua,1
186.6,1,40,1,18.0,3,139.0,1.0,9716.68,Muda,1
644.08,1,1,2,24.0,3,55.0,1.0,1980.62,Muda,0
305.0,1,31,0,21.999999999999996,3,222.0,1.0,944.8299999999999,Muda,1
233.1,0,26,1,42.0,0,37.0,1.0,7469.2,Dewasa,2
793.1300000000001,1,22,2,68.0,0,76.0,1.0,13389.16,Tua,2
224.19,1,15,0,52.0,0,93.0,1.0,8475.47,Dewasa,2
214.83,0,40,0,23.0,3,63.0,1.0,991.6899999999996,Muda,1
163.46,0,3,1,63.0,2,111.0,1.0,6953.8,Tua,0
194.99,1,17,1,34.0,1,91.0,1.0,1370.0299999999997,Dewasa,2
227.5,1,34,2,34.0,0,277.0,1.0,11505.35,Dewasa,1
259.9,1,28,2,26.0,3,100.0,1.0,914.2799999999997,Muda,1
59.50999999999999,0,9,2,36.0,0,55.0,1.0,9955.88,Dewasa,0
112.94,0,35,2,73.0,2,31.0,1.0,3807.84,Tua,1
11.81000000000003,1,31,0,21.0,3,131.0,1.0,320.25,Muda,1
329.14,1,34,1,55.0,0,14.0,1.0,12033.92,Dewasa,1
154.24,1,23,0,61.0,2,82.0,1.0,6109.55,Tua,2
233.44,1,6,2,20.0,3,297.0,1.0,1691.88,Muda,0
98.70999999999998,1,13,0,32.0,0,117.0,1.0,10095.23,Muda,2
87.38,1,1,1,21.0,3,252.0,1.0,1504.9899999999998,Muda,0
83.38999999999999,1,29,1,32.0,0,158.0,1.0,13182.11,Muda,1
267.55,1,5,2,46.0,1,40.000000000000014,1.0,4330.04,Dewasa,0
870.05,1,12,0,29.0,0,39.0,1.0,905.25,Muda,0
164.51,1,21,1,78.0,2,110.0,1.0,3553.69,Tua,2
758.12,1,37,0,69.0,2,90.0,1.0,6164.65,Tua,1
103.75999999999999,1,18,2,28.0,1,188.0,1.0,9626.14,Muda,2
583.92,1,18,2,55.0,1,139.0,1.0,6364.14,Dewasa,2
204.06,1,42,2,77.0,2,159.0,1.0,4351.83,Tua,1
53.50999999999999,1,27,2,56.0,2,165.0,1.0,5773.5,Tua,1
120.17000000000002,1,32,0,49.0,0,105.0,1.0,5403.79,Dewasa,1
220.8,1,16,2,31.0,1,28.0,1.0,8135.31,Muda,2
119.00999999999999,1,30,0,45.0,0,87.0,1.0,9798.26,Dewasa,1
183.32,1,33,0,21.0,3,74.0,1.0,137.42000000000007,Muda,1
858.8800000000001,1,17,2,60.0,1,227.0,1.0,7015.46,Tua,2
11.460000000000008,0,37,2,41.0,1,128.0,1.0,2356.71,Dewasa,1
61.370000000000005,1,8,1,75.0,2,164.0,1.0,4294.44,Tua,0
103.07999999999998,0,25,1,49.0,1,150.0,1.0,9251.38,Dewasa,2
425.18,0,7,2,26.0,1,172.0,1.0,9880.71,Muda,0
60.96000000000001,1,7,0,52.0,2,238.0,1.0,6189.24,Dewasa,0
64.20999999999998,1,29,0,51.0,0,37.0,1.0,12540.18,Dewasa,1
523.02,1,17,2,53.0,2,83.0,1.0,4586.11,Dewasa,2
50.25999999999999,1,19,1,65.0,2,164.0,1.0,1519.38,Tua,2
110.07999999999998,1,11,1,19.0,3,95.0,1.0,1447.2600000000002,Muda,0
54.47,0,30,1,23.0,3,34.0,1.0,1131.42,Muda,1
79.75999999999999,1,18,2,68.0,0,115.0,1.0,10278.75,Tua,2
16.79000000000002,0,11,2,30.0,0,146.0,1.0,535.1499999999996,Muda,0
68.62,1,29,1,29.0,0,157.0,1.0,13891.469999999998,Muda,1
643.38,0,11,2,18.0,3,105.0,1.0,1046.7399999999998,Muda,0
328.34,0,36,2,42.0,1,31.0,1.0,2840.45,Dewasa,1
72.68,1,39,2,69.0,2,44.0,1.0,6216.77,Tua,1
354.76,1,11,1,51.0,0,279.0,1.0,10141.92,Dewasa,0
793.8800000000001,0,20,0,21.999999999999996,3,252.0,1.0,1404.06,Muda,2
29.21999999999997,1,11,0,27.0,1,69.0,1.0,7795.79,Muda,0
366.43,0,32,2,21.0,3,92.0,1.0,1560.4499999999998,Muda,1
233.74,1,4,2,72.0,2,142.0,1.0,4749.54,Tua,0
471.84,1,33,0,18.0,3,138.0,1.0,1044.3300000000004,Muda,1
213.4,0,13,1,73.0,2,100.0,1.0,2012.2399999999998,Tua,2
254.21,1,31,0,48.0,1,46.0,1.0,2487.2,Dewasa,1
577.73,1,38,0,37.0,0,63.0,1.0,14977.989999999998,Dewasa,1
170.26,1,6,0,27.0,3,265.0,1.0,1969.48,Muda,0
330.61,0,26,1,64.0,2,113.0,1.0,2525.25,Tua,2
132.33,0,31,0,35.0,1,47.0,1.0,7457.94,Dewasa,1
74.04000000000002,1,22,2,18.0,3,66.0,1.0,1690.23,Muda,2
197.18,1,40,2,28.0,1,135.0,1.0,3114.92,Muda,1
697.8199999999999,1,27,2,44.0,1,153.0,1.0,6824.0,Dewasa,1
148.0,1,40,1,20.0,3,35.0,1.0,1488.65,Muda,1
22.26000000000002,1,35,1,19.0,3,56.0,1.0,5583.88,Muda,1
0.8600000000000421,1,7,0,25.0,3,139.0,1.0,1357.2200000000003,Muda,0
757.0999999999999,1,1,1,65.0,0,203.0,1.0,10553.23,Tua,0
38.81,0,41,2,25.0,3,145.0,1.0,1619.6,Muda,1
32.46000000000001,1,5,2,31.0,0,10.0,1.0,8656.18,Muda,0
20.639999999999958,1,5,1,21.999999999999996,3,59.0,1.0,949.3800000000001,Muda,0
662.11,1,1,1,23.0,3,219.0,1.0,1996.38,Muda,0
35.05000000000001,1,4,1,30.0,0,105.0,1.0,14330.469999999998,Muda,0
214.73,0,20,0,46.0,0,26.0,1.0,5368.42,Dewasa,2
25.380000000000024,1,21,1,57.0,1,66.0,1.0,8616.05,Tua,2
617.66,1,22,0,41.0,1,40.000000000000014,1.0,5906.58,Dewasa,2
446.39,1,15,0,63.0,2,77.0,1.0,7863.6,Tua,2
377.92,1,33,1,33.0,1,204.0,1.0,2254.71,Dewasa,1
11.039999999999992,1,31,2,30.0,1,43.0,1.0,6983.04,Muda,1
275.46,1,13,0,36.0,0,67.0,1.0,9697.75,Dewasa,2
179.76,1,30,2,78.0,2,81.0,1.0,5909.52,Tua,1
32.34,1,18,1,44.0,0,45.0,1.0,7847.62,Dewasa,2
273.92,1,32,1,79.0,2,109.0,1.0,4543.56,Tua,1
388.98,1,14,0,23.0,3,155.0,1.0,1819.9099999999999,Muda,2
492.8399999999999,1,16,0,25.0,3,38.0,1.0,577.6700000000001,Muda,2
148.85,1,23,0,57.0,0,25.0,1.0,7802.36,Tua,2
185.99,0,14,1,41.0,1,53.0,1.0,402.4499999999998,Dewasa,2
322.48,1,17,0,27.0,3,57.0,1.0,1238.4300000000003,Muda,2
20.27000000000001,1,24,1,18.0,3,22.0,1.0,796.3500000000004,Muda,2
104.23000000000002,0,21,2,63.0,2,108.0,1.0,5009.29,Tua,2
55.860000000000014,1,39,2,39.0,1,68.0,1.0,5346.46,Dewasa,1
95.55000000000001,1,21,1,33.0,1,51.0,1.0,2434.74,Dewasa,2
477.07,1,8,2,27.0,1,278.0,1.0,6568.07,Muda,0
21.409999999999997,1,21,2,57.0,0,99.0,1.0,658.9099999999999,Tua,2
278.28,1,17,1,28.0,3,26.0,1.0,1346.88,Muda,2
215.39,1,11,0,27.0,3,216.0,1.0,1582.5500000000002,Muda,0
194.37,1,25,0,66.0,0,161.0,1.0,14395.879999999997,Tua,2
19.590000000000003,1,5,1,64.0,2,122.0,1.0,1061.69,Tua,0
81.35,1,15,2,41.0,1,103.0,1.0,7192.45,Dewasa,2
314.54,0,41,1,58.0,1,228.0,1.0,9923.45,Tua,1
466.64,1,19,0,58.0,0,11.0,1.0,10915.11,Tua,2
472.48,1,27,1,55.0,1,87.0,1.0,7128.82,Dewasa,1
67.15,1,16,2,59.0,0,14.0,1.0,9028.49,Tua,2
102.67000000000002,1,0,1,79.0,2,119.0,1.0,4656.94,Tua,0
453.49,1,39,1,66.0,0,147.0,1.0,6366.43,Tua,1
267.17,1,39,0,26.0,3,170.0,1.0,1382.62,Muda,1
111.25999999999999,1,4,0,66.0,0,43.0,1.0,14350.11,Tua,0
121.17000000000002,1,31,0,68.0,0,158.0,1.0,12990.77,Tua,1
213.28,1,23,1,51.0,2,94.0,1.0,4835.91,Dewasa,2
187.88,1,26,0,60.0,1,180.0,1.0,2154.58,Tua,2
471.88,0,38,2,34.0,0,141.0,1.0,14833.34,Dewasa,1
83.79000000000002,1,26,0,57.0,1,47.0,1.0,5061.3,Tua,2
99.16,1,37,2,79.0,2,202.0,1.0,2607.58,Tua,1
839.3300000000002,0,21,1,60.0,0,86.0,1.0,11538.97,Tua,2
4.240000000000009,1,36,2,38.0,1,38.0,1.0,7822.73,Dewasa,1
50.28999999999999,0,33,2,58.0,0,64.0,1.0,7604.9,Tua,1
135.84999999999997,1,14,2,57.0,2,269.0,1.0,1480.3900000000003,Tua,2
368.53,1,33,1,68.0,0,34.0,1.0,13696.309999999998,Tua,1
17.94999999999999,0,34,1,64.0,0,135.0,1.0,12344.9,Tua,1
127.80000000000001,0,41,1,31.0,1,47.0,1.0,8630.99,Muda,1
16.72999999999999,1,15,2,45.0,1,48.0,1.0,2202.62,Dewasa,2
317.12,1,13,1,44.0,0,80.0,1.0,14409.739999999998,Dewasa,2
476.63,1,5,0,79.0,2,115.0,1.0,4894.25,Tua,0
156.58,1,32,1,24.0,3,160.0,1.0,8981.61,Muda,1
55.120000000000005,0,15,2,34.0,1,261.0,1.0,3791.99,Dewasa,2
15.740000000000009,1,10,1,27.0,3,38.0,1.0,690.1599999999999,Muda,0
297.15,1,31,2,76.0,2,178.0,1.0,5449.37,Tua,1
647.85,1,29,1,36.0,0,121.0,1.0,13779.969999999998,Dewasa,1
75.04000000000002,1,12,0,49.0,1,178.0,1.0,9648.6,Dewasa,0
273.92,1,41,2,28.0,3,35.0,1.0,1029.15,Muda,1
215.8,0,17,1,51.0,2,66.0,1.0,3656.62,Dewasa,2
420.6,1,21,1,26.0,3,55.0,1.0,1778.75,Muda,2
688.36,0,22,1,23.0,3,22.0,1.0,5191.13,Muda,2
285.18,0,34,1,55.0,0,150.0,1.0,14847.969999999998,Dewasa,1
213.55,1,4,0,63.0,0,15.0,1.0,5238.37,Tua,0
463.11,0,19,1,51.0,0,159.0,1.0,10238.82,Dewasa,2
309.56,1,5,2,58.0,0,147.0,1.0,972.04,Tua,0
377.08,0,23,1,26.0,3,71.0,1.0,6430.86,Muda,2
77.25,1,41,1,68.0,0,157.0,1.0,14077.969999999998,Tua,1
146.92,1,32,0,64.0,2,272.0,1.0,3990.6,Tua,1
126.6,1,35,1,21.999999999999996,3,146.0,1.0,961.6499999999996,Muda,1
101.34,1,4,0,24.0,3,46.0,1.0,703.2600000000002,Muda,0
184.97,1,10,1,58.0,0,268.0,1.0,1156.67,Tua,0
451.15,1,7,0,46.0,1,175.0,1.0,1356.4700000000003,Dewasa,0
516.47,0,5,0,25.0,3,94.0,1.0,1305.06,Muda,0
880.04,1,34,0,25.0,3,29.000000000000014,1.0,261.97000000000025,Muda,1
66.69,0,35,1,25.0,3,140.0,1.0,1210.33,Muda,1
95.75,1,20,1,31.0,1,169.0,1.0,337.6199999999999,Muda,2
98.03,1,12,1,54.0,1,165.0,1.0,6323.45,Dewasa,0
617.66,1,4,0,42.0,1,128.0,1.0,7155.95,Dewasa,0
888.5700000000002,1,35,2,62.0,2,102.0,1.0,7896.14,Tua,1
107.48000000000002,1,29,1,21.999999999999996,3,129.0,1.0,591.2300000000005,Muda,1
36.56999999999999,1,29,0,62.0,2,69.0,1.0,2583.07,Tua,1
575.62,1,28,2,43.0,0,129.0,1.0,234.40999999999985,Dewasa,1
84.88999999999999,1,38,0,37.0,1,70.0,1.0,4735.61,Dewasa,1
7.7599999999999625,0,19,2,52.0,2,84.0,1.0,7393.11,Dewasa,2
109.30000000000001,1,13,1,56.0,0,27.0,1.0,13510.11,Tua,2
230.08,1,2,2,79.0,2,124.0,1.0,4466.1,Tua,0
361.92,1,11,0,54.0,2,111.0,1.0,7474.31,Dewasa,0
122.44999999999999,1,27,1,46.0,0,98.0,1.0,7255.49,Dewasa,1
642.53,1,23,0,65.0,0,128.0,1.0,11417.91,Tua,2
175.21,0,23,0,69.0,0,69.0,1.0,6039.04,Tua,2
168.0,0,40,1,32.0,1,11.0,1.0,3498.58,Muda,1
11.460000000000008,1,6,2,67.0,2,73.0,1.0,6628.75,Tua,0
382.07,0,29,1,62.0,0,147.0,1.0,10156.09,Tua,1
65.32,1,23,0,28.0,3,54.0,1.0,9165.02,Muda,2
730.1,0,6,1,77.0,2,93.0,1.0,6384.05,Tua,0
85.31,1,18,0,62.0,2,27.0,1.0,6095.65,Tua,2
726.61,1,31,0,18.0,3,277.0,1.0,1008.7600000000002,Muda,1
130.4,1,33,1,45.0,1,63.0,1.0,4381.24,Dewasa,1
68.1,1,25,0,20.0,3,47.0,1.0,1382.8000000000002,Muda,2
65.25999999999999,1,34,1,26.0,3,72.0,1.0,7380.63,Muda,1
191.62,1,17,1,63.0,0,51.0,1.0,1981.67,Tua,2
212.88,1,14,2,39.0,0,122.0,1.0,7036.72,Dewasa,2
88.38,1,41,0,30.0,1,138.0,1.0,3707.82,Muda,1
390.09,1,12,2,26.0,1,49.0,1.0,2617.23,Muda,0
48.28999999999999,1,36,2,37.0,1,242.0,1.0,8883.4,Dewasa,1
333.83,1,14,0,63.0,2,135.0,1.0,1660.6599999999999,Tua,2
100.26999999999998,1,24,2,79.0,2,51.0,1.0,4309.9,Tua,2
44.53999999999999,1,35,0,31.0,1,164.0,1.0,362.39999999999964,Muda,1
82.17000000000002,1,13,1,28.0,3,21.0,1.0,1913.06,Muda,2
447.42,1,5,2,32.0,1,65.0,1.0,6133.22,Muda,0
590.26,0,2,1,25.0,3,48.0,1.0,1068.2799999999993,Muda,0
192.73,1,25,1,71.0,2,157.0,1.0,2037.75,Tua,2
11.569999999999993,0,27,1,56.0,2,64.0,1.0,2061.61,Tua,1
7.819999999999993,1,4,0,36.0,1,273.0,1.0,2240.49,Dewasa,0
79.43,1,9,0,74.0,2,72.0,1.0,6579.37,Tua,0
386.97,1,33,1,58.0,2,137.0,1.0,1876.35,Tua,1
51.22,1,14,1,23.0,3,82.0,1.0,1664.5900000000001,Muda,2
256.05,1,26,0,54.0,2,35.0,1.0,6910.18,Dewasa,2
7.7900000000000205,1,20,1,34.0,0,298.0,1.0,1319.85,Dewasa,2
233.71,1,21,1,63.0,0,11.0,1.0,6095.5,Tua,2
176.37,1,4,1,55.0,2,126.0,1.0,2420.86,Dewasa,0
86.41,1,14,0,75.0,2,125.0,1.0,3128.71,Tua,2
21.569999999999993,1,37,0,54.0,2,71.0,1.0,7587.48,Dewasa,1
82.67000000000002,1,25,1,26.0,3,46.0,1.0,290.59000000000015,Muda,2
543.47,1,20,0,18.0,3,122.0,1.0,6165.03,Muda,2
346.76,0,38,1,21.0,3,116.0,1.0,1637.75,Muda,1
47.47999999999999,1,12,1,24.0,3,66.0,1.0,585.5199999999995,Muda,0
64.92000000000002,1,1,1,58.0,1,236.0,1.0,5481.76,Tua,0
350.72,0,14,0,28.0,3,48.0,1.0,1982.9,Muda,2
3.799999999999983,1,5,2,65.0,0,174.0,1.0,5766.96,Tua,0
22.539999999999964,1,12,2,26.0,1,42.0,1.0,7139.11,Muda,0
167.47,1,34,0,35.0,1,103.0,1.0,2293.13,Dewasa,1
43.650000000000006,0,5,1,30.0,1,212.0,1.0,2870.67,Muda,0
390.77,1,32,2,44.0,0,34.0,1.0,5500.56,Dewasa,1
508.15999999999997,1,23,0,39.0,1,131.0,1.0,5609.44,Dewasa,2
332.33,1,18,0,27.0,3,101.0,1.0,192.6300000000001,Muda,2
362.09,1,27,1,32.0,1,31.0,1.0,6590.28,Muda,1
42.579999999999984,1,38,2,30.0,0,80.0,1.0,13485.0,Muda,1
248.66,1,6,2,28.0,1,113.0,1.0,2571.39,Muda,0
461.25,0,34,2,54.0,0,171.0,1.0,676.1000000000004,Dewasa,1
61.77000000000001,1,5,1,56.0,0,49.0,1.0,12352.2,Tua,0
268.92,1,6,1,29.0,1,148.0,1.0,8765.38,Muda,0
219.02,0,36,2,54.0,1,68.0,1.0,7375.73,Dewasa,1
125.13999999999999,1,3,1,20.0,3,31.0,1.0,1845.1800000000003,Muda,0
47.599999999999994,1,2,2,53.0,1,115.0,1.0,1382.5100000000002,Dewasa,0
592.82,1,22,2,74.0,2,248.0,1.0,7508.98,Tua,2
372.5,1,26,0,21.999999999999996,3,211.0,1.0,3901.82,Muda,2
4.719999999999999,1,13,1,32.0,1,20.0,1.0,4792.01,Muda,2
144.93,1,14,1,42.0,1,74.0,1.0,6887.52,Dewasa,2
316.56,1,10,2,28.0,1,261.0,1.0,8643.51,Muda,0
421.25,1,13,2,25.0,3,66.0,1.0,7174.69,Muda,2
185.71,1,41,1,48.0,1,194.0,1.0,2679.91,Dewasa,1
26.27000000000001,0,32,2,45.0,1,177.0,1.0,8853.93,Dewasa,1
297.03,1,2,2,61.0,2,151.0,1.0,1088.62,Tua,0
99.51999999999998,1,36,0,52.0,1,127.0,1.0,3798.09,Dewasa,1
139.69,1,16,2,52.0,1,180.0,1.0,9567.94,Dewasa,2
112.72,1,42,1,31.0,0,17.0,1.0,9630.0,Muda,1
568.88,1,26,1,19.0,3,105.0,1.0,1307.8599999999997,Muda,2
189.03,1,28,0,28.0,3,50.0,1.0,1916.46,Muda,1
189.08,1,24,1,68.0,0,238.0,1.0,10790.8,Tua,2
283.15,1,3,2,24.0,3,180.0,1.0,603.79,Muda,0
151.82,1,6,0,51.0,2,105.0,1.0,2197.12,Dewasa,0
438.59,1,38,2,37.0,1,103.0,1.0,8994.39,Dewasa,1
501.15,1,31,1,47.0,1,208.0,1.0,8821.84,Dewasa,1
8.949999999999989,1,28,2,76.0,2,102.0,1.0,3299.84,Tua,1
173.6,1,2,2,21.0,3,160.0,1.0,421.4399999999996,Muda,0
149.4,1,6,0,53.0,2,123.0,1.0,1035.2200000000003,Dewasa,0
388.21,0,8,1,53.0,0,237.0,1.0,9724.49,Dewasa,0
126.04000000000002,0,5,1,65.0,2,167.0,1.0,6041.69,Tua,0
52.03999999999999,0,7,1,50.0,0,31.0,1.0,8436.12,Dewasa,0
389.7,0,2,1,62.0,0,216.0,1.0,7125.15,Tua,0
309.77,0,35,2,67.0,2,137.0,1.0,4378.14,Tua,1
724.18,1,13,1,41.0,0,134.0,1.0,10922.78,Dewasa,2
124.98000000000002,1,42,0,24.0,3,78.0,1.0,642.0,Muda,1
487.31999999999994,1,18,1,52.0,0,164.0,1.0,7707.96,Dewasa,2
635.91,0,17,1,46.0,0,78.0,1.0,13267.09,Dewasa,2
205.65,1,15,1,62.0,2,144.0,1.0,3582.16,Tua,2
39.41,1,21,1,25.0,3,132.0,1.0,921.9099999999999,Muda,2
254.0,1,26,1,35.0,0,63.0,1.0,5788.53,Dewasa,2
436.8,1,15,1,36.0,1,213.0,1.0,4515.43,Dewasa,2
224.73,1,24,1,76.0,2,63.0,1.0,7551.89,Tua,2
752.69,0,9,0,65.0,0,115.0,1.0,14489.689999999999,Tua,0
78.5,0,38,1,31.0,0,41.0,1.0,13991.5,Muda,1
50.0,0,17,0,53.0,0,87.0,1.0,185.8699999999999,Dewasa,2
132.42,1,10,0,18.0,3,164.0,1.0,726.3900000000003,Muda,0
83.16,1,20,0,61.0,2,177.0,1.0,3065.87,Tua,2
149.02,0,13,1,46.0,1,176.0,1.0,9379.72,Dewasa,2
74.26999999999998,0,22,2,59.0,0,148.0,1.0,13696.61,Tua,2
876.5700000000002,0,32,0,62.0,2,118.0,1.0,3743.63,Tua,1
615.58,1,17,0,42.0,0,133.0,1.0,14343.0,Dewasa,2
643.03,0,17,2,36.0,1,52.0,1.0,2882.16,Dewasa,2
7.94999999999996,1,31,0,79.0,2,65.0,1.0,5631.2,Tua,1
270.92,0,21,1,77.0,2,143.0,1.0,4574.43,Tua,2
499.48,1,5,0,24.0,3,133.0,1.0,1242.62,Muda,0
841.5,0,1,1,25.0,3,287.0,1.0,352.3100000000004,Muda,0
138.82,1,13,2,77.0,2,53.0,1.0,3100.22,Tua,2
231.46,0,24,1,60.0,1,83.0,1.0,4707.24,Tua,2
292.08,1,8,0,72.0,2,32.0,1.0,7950.48,Tua,0
63.97999999999999,1,3,2,54.0,0,258.0,1.0,7954.12,Dewasa,0
235.21,1,4,1,67.0,0,74.0,1.0,5946.61,Tua,0
201.73,1,3,2,57.0,1,78.0,1.0,6650.71,Tua,0
161.31,1,26,0,28.0,3,13.0,1.0,1268.67,Muda,2
18.409999999999997,1,1,1,53.0,0,168.0,1.0,8287.54,Dewasa,0
471.75,0,38,1,34.0,0,41.0,1.0,12948.5,Dewasa,1
290.02,1,25,1,55.0,1,246.0,1.0,4746.71,Dewasa,2
48.05000000000001,1,27,1,27.0,1,38.0,1.0,5334.97,Muda,1
359.42,1,3,1,55.0,0,30.0,1.0,1765.4499999999998,Dewasa,0
32.91,1,13,2,19.0,3,255.0,1.0,427.3000000000002,Muda,2
31.810000000000002,1,13,2,51.0,2,149.0,1.0,1406.6,Dewasa,2
220.2,1,4,2,28.0,3,102.0,1.0,1075.15,Muda,0
476.03,0,15,1,77.0,2,99.0,1.0,5958.34,Tua,2
141.90999999999997,1,24,1,23.0,3,49.0,1.0,791.9700000000003,Muda,2
95.82999999999998,1,42,2,27.0,3,91.0,1.0,1726.4,Muda,1
51.150000000000006,0,20,1,46.0,1,199.0,1.0,8992.25,Dewasa,2
50.75,1,4,0,62.0,0,185.0,1.0,8271.47,Tua,0
185.07,1,7,1,21.999999999999996,3,159.0,1.0,636.4200000000001,Muda,0
293.54,1,34,2,40.0,1,45.0,1.0,2290.1,Dewasa,1
285.26,1,1,0,28.0,3,93.0,1.0,167.72000000000025,Muda,0
743.03,1,27,0,50.0,1,174.0,1.0,4111.38,Dewasa,1
297.86,0,25,0,28.0,3,96.0,1.0,1680.1400000000003,Muda,2
231.92,1,16,0,66.0,0,12.0,1.0,5715.08,Tua,2
295.82,0,6,1,47.0,1,46.0,1.0,5897.73,Dewasa,0
81.07999999999998,1,29,0,58.0,1,56.0,1.0,7788.91,Tua,1
775.6000000000001,0,23,1,79.0,2,158.0,1.0,3898.64,Tua,2
211.91,1,16,2,20.0,3,181.0,1.0,927.4700000000003,Muda,2
17.20999999999998,1,29,2,23.0,3,219.0,1.0,914.1599999999999,Muda,1
38.369999999999976,1,35,0,63.0,0,135.0,1.0,8647.04,Tua,1
269.79,1,38,0,52.0,1,17.0,1.0,1292.1,Dewasa,1
605.42,1,23,0,21.0,3,33.0,1.0,392.34000000000015,Muda,2
29.189999999999998,0,26,1,58.0,0,41.0,1.0,12059.85,Tua,2
701.7,0,39,2,61.0,2,64.0,1.0,6643.24,Tua,1
862.3400000000001,1,18,1,57.0,0,72.0,1.0,9903.48,Tua,2
36.96999999999997,1,41,1,41.0,1,79.0,1.0,2850.92,Dewasa,1
137.59000000000003,1,26,0,30.0,0,95.0,1.0,10679.67,Muda,2
168.11,0,27,2,51.0,0,12.0,1.0,10652.13,Dewasa,1
430.98,1,3,1,24.0,3,93.0,1.0,569.25,Muda,0
13.869999999999976,1,31,1,24.0,3,20.0,1.0,954.8299999999999,Muda,1
302.82,1,17,0,36.0,1,175.0,1.0,9384.54,Dewasa,2
406.81,1,27,2,66.0,2,84.0,1.0,1968.3599999999997,Tua,1
256.3,1,27,2,53.0,2,172.0,1.0,4203.05,Dewasa,1
80.95999999999998,0,17,2,19.0,3,97.0,1.0,959.9399999999996,Muda,2
95.78,1,1,2,21.999999999999996,3,27.0,1.0,271.6400000000003,Muda,0
379.54,0,16,1,41.0,0,118.0,1.0,12571.76,Dewasa,2
903.19,1,12,2,21.999999999999996,3,65.0,1.0,8627.08,Muda,0
847.45,1,17,1,28.0,3,175.0,1.0,422.3199999999997,Muda,2
295.18,0,9,1,66.0,0,31.0,1.0,12961.53,Tua,0
18.45999999999998,1,5,1,68.0,2,213.0,1.0,6381.6,Tua,0
603.23,1,11,1,28.0,3,48.0,1.0,117.97999999999956,Muda,0
54.5,0,30,1,57.0,2,147.0,1.0,1715.2200000000003,Tua,1
414.77,1,37,2,29.0,0,274.0,1.0,5599.81,Muda,1
886.19,1,7,1,61.0,2,69.0,1.0,7904.24,Tua,0
440.03,1,38,2,49.0,1,88.0,1.0,1490.44,Dewasa,1
76.38999999999999,1,10,1,18.0,3,219.0,1.0,5976.0,Muda,0
595.91,0,35,0,19.0,3,162.0,1.0,1673.7600000000002,Muda,1
6.030000000000001,1,6,1,76.0,2,70.0,1.0,3290.72,Tua,0
249.34,1,5,0,26.0,1,197.0,1.0,3030.97,Muda,0
421.52,1,38,1,20.0,3,67.0,1.0,369.8599999999997,Muda,1
189.77,1,33,1,58.0,1,24.0,1.0,6570.36,Tua,1
73.19,1,1,1,76.0,2,213.0,1.0,2264.98,Tua,0
188.13,0,17,2,75.0,2,198.0,1.0,5029.87,Tua,2
30.52000000000001,1,17,1,62.0,0,122.0,1.0,12327.74,Tua,2
170.24,1,37,1,62.0,2,133.0,1.0,5172.99,Tua,1
56.620000000000005,1,2,1,54.0,0,121.0,1.0,8981.1,Dewasa,0
53.139999999999986,1,19,0,34.0,0,70.0,1.0,7915.0,Dewasa,2
587.23,1,29,2,27.0,3,144.0,1.0,500.84000000000015,Muda,1
21.269999999999982,0,16,2,62.0,2,114.0,1.0,7392.79,Tua,2
76.01999999999998,0,0,2,34.0,0,189.0,1.0,14765.41,Dewasa,0
135.15,1,7,2,72.0,2,50.0,1.0,5878.14,Tua,0
39.47999999999999,1,29,0,56.0,2,38.0,1.0,5889.51,Tua,1
451.68,1,15,2,33.0,1,15.0,1.0,4381.54,Dewasa,2
355.0,0,13,2,26.0,3,33.0,1.0,185.47000000000025,Muda,2
427.69,1,33,0,43.0,1,236.0,1.0,2443.54,Dewasa,1
254.86,1,4,1,23.0,3,102.0,1.0,699.8999999999996,Muda,0
190.17,1,3,0,49.0,0,265.0,1.0,12893.85,Dewasa,0
206.63,0,28,2,59.0,2,128.0,1.0,7626.53,Tua,1
93.22,1,5,2,52.0,2,52.0,1.0,1014.6300000000006,Dewasa,0
641.06,1,7,0,23.0,3,25.0,1.0,1602.13,Muda,0
836.45,1,41,2,61.0,2,63.0,1.0,1731.8900000000003,Tua,1
189.45,0,4,1,53.0,0,62.0,1.0,12578.75,Dewasa,0
91.84,0,23,1,67.0,2,80.0,1.0,1712.4099999999999,Tua,2
609.52,1,42,0,78.0,2,169.0,1.0,3485.03,Tua,1
859.3,0,7,1,78.0,2,68.0,1.0,1146.7800000000002,Tua,0
100.00999999999999,1,30,0,50.0,0,63.0,1.0,6393.12,Dewasa,1
28.78,0,40,2,40.0,0,51.0,1.0,680.5500000000002,Dewasa,1
111.07999999999998,1,6,2,70.0,0,83.0,1.0,7037.34,Tua,0
52.22999999999999,0,37,1,28.0,3,96.0,1.0,105.01000000000022,Muda,1
78.62,1,28,1,32.0,0,52.0,1.0,1360.85,Muda,1
333.97,1,14,1,52.0,0,45.0,1.0,5237.36,Dewasa,2
30.870000000000005,1,14,0,33.0,0,295.0,1.0,14348.649999999998,Dewasa,2
710.4300000000001,1,36,2,67.0,2,115.0,1.0,5625.55,Tua,1
220.23,1,25,0,41.0,1,48.0,1.0,3438.02,Dewasa,2
27.279999999999973,1,1,0,29.0,0,96.0,1.0,10668.24,Muda,0
101.51999999999998,1,40,0,49.0,1,98.0,1.0,2018.9,Dewasa,1
162.65,1,27,0,59.0,1,147.0,1.0,9500.95,Tua,1
10.519999999999982,1,18,0,55.0,2,30.0,1.0,2472.99,Dewasa,2
270.72,1,20,1,38.0,0,37.0,1.0,6522.47,Dewasa,2
247.58,1,35,0,39.0,1,152.0,1.0,778.7399999999998,Dewasa,1
359.65,0,17,2,25.0,3,289.0,1.0,219.52999999999975,Muda,2
109.91,1,39,1,38.0,0,90.0,1.0,12896.06,Dewasa,1
215.72,0,8,1,30.0,1,137.0,1.0,8697.11,Muda,0
224.28,1,6,2,64.0,2,68.0,1.0,5767.51,Tua,0
608.79,1,13,2,55.0,1,157.0,1.0,2991.17,Dewasa,2
840.1600000000001,0,7,1,20.0,3,68.0,1.0,1236.7600000000002,Muda,0
203.34,1,31,0,60.0,0,66.0,1.0,13586.989999999998,Tua,1
90.88,1,7,0,26.0,1,284.0,1.0,7117.35,Muda,0
60.110000000000014,0,0,1,61.0,2,122.0,1.0,7235.87,Tua,0
393.92,1,22,1,72.0,2,47.0,1.0,7318.64,Tua,2
19.389999999999958,1,7,0,43.0,0,45.0,1.0,9847.6,Dewasa,0
557.41,0,42,2,80.0,2,49.0,1.0,2968.75,Tua,1
57.06999999999999,0,4,2,31.0,0,99.0,1.0,9323.71,Muda,0
395.27,0,24,2,18.0,3,167.0,1.0,1764.08,Muda,2
289.05,1,27,0,75.0,2,116.0,1.0,5683.49,Tua,1
46.110000000000014,1,37,2,33.0,0,233.0,1.0,5225.73,Dewasa,1
335.5,1,34,0,63.0,2,47.0,1.0,6445.4,Tua,1
388.07,1,39,2,24.0,3,68.0,1.0,289.71000000000004,Muda,1
520.86,0,34,2,51.0,1,66.0,1.0,9200.74,Dewasa,1
787.4100000000001,1,22,2,25.0,3,39.0,1.0,300.8699999999999,Muda,2
31.69999999999999,0,33,0,48.0,0,121.0,1.0,743.8999999999996,Dewasa,1
22.299999999999983,1,30,0,21.0,3,90.0,1.0,1200.35,Muda,1
203.12,1,38,0,56.0,2,181.0,1.0,1562.3900000000003,Tua,1
315.94,0,33,1,49.0,0,172.0,1.0,7719.71,Dewasa,1
0.2599999999999909,1,28,2,20.0,3,173.0,1.0,1833.67,Muda,1
210.77,1,23,0,71.0,2,161.0,1.0,5396.65,Tua,2
406.65,1,23,0,57.0,0,107.0,1.0,12995.7,Tua,2
422.9,1,40,0,40.0,1,111.0,1.0,7616.43,Dewasa,1
20.620000000000033,0,30,0,35.0,0,225.0,1.0,12500.8,Dewasa,1
174.39,1,37,0,19.0,3,36.0,1.0,1127.08,Muda,1
54.849999999999994,0,37,1,58.0,2,40.000000000000014,1.0,2727.45,Tua,1
16.55000000000004,1,40,1,26.0,1,159.0,1.0,6089.79,Muda,1
91.32,1,25,1,58.0,1,77.0,1.0,2618.1,Tua,2
49.620000000000005,1,32,0,55.0,1,111.0,1.0,3841.42,Dewasa,1
487.16,0,20,1,28.0,3,84.0,1.0,321.21000000000004,Muda,2
405.6,1,40,2,37.0,1,44.0,1.0,9754.73,Dewasa,1
512.95,1,8,1,57.0,1,143.0,1.0,9584.52,Tua,0
345.94,1,32,0,31.0,0,163.0,1.0,7624.56,Muda,1
356.56,1,27,2,47.0,1,52.0,1.0,2485.73,Dewasa,1
10.310000000000002,1,21,2,36.0,1,280.0,1.0,2137.9,Dewasa,2
211.69,1,1,1,30.0,0,111.0,1.0,6412.85,Muda,0
221.49,0,28,1,23.0,3,196.0,1.0,707.25,Muda,1
116.88,1,22,0,45.0,0,263.0,1.0,7717.34,Dewasa,2
328.77,0,36,2,39.0,0,247.0,1.0,6967.03,Dewasa,1
77.53,1,21,1,54.0,2,55.0,1.0,5158.6,Dewasa,2
421.74,1,38,2,67.0,0,103.0,1.0,12031.14,Tua,1
313.69,1,28,1,73.0,2,152.0,1.0,7093.68,Tua,1
411.72,1,42,1,29.0,0,153.0,1.0,8539.86,Muda,1
508.73,1,6,1,59.0,2,89.0,1.0,7640.57,Tua,0
153.08,1,29,0,24.0,3,201.0,1.0,1292.21,Muda,1
23.00999999999999,1,19,1,63.0,2,166.0,1.0,5958.75,Tua,2
69.28,1,20,2,25.0,3,129.0,1.0,708.7399999999998,Muda,2
51.25,0,2,1,28.0,3,66.0,1.0,1744.4,Muda,0
407.65,1,10,0,25.0,3,263.0,1.0,273.77999999999975,Muda,0
459.25,1,40,1,25.0,3,59.0,1.0,130.76000000000022,Muda,1
301.56,1,39,1,49.0,0,118.0,1.0,10389.6,Dewasa,1
17.670000000000016,1,36,2,63.0,0,91.0,1.0,1048.1800000000007,Tua,1
5.289999999999964,0,37,2,32.0,0,132.0,1.0,12896.68,Muda,1
401.37,1,20,1,43.0,1,251.0,1.0,8208.54,Dewasa,2
145.39999999999998,1,40,2,38.0,1,24.0,1.0,5244.49,Dewasa,1
34.309999999999974,1,30,0,24.0,3,251.0,1.0,1484.7600000000002,Muda,1
780.5900000000001,0,40,2,23.0,3,145.0,1.0,6513.34,Muda,1
282.65,1,13,0,35.0,0,161.0,1.0,13801.149999999998,Dewasa,2
305.27,1,19,2,68.0,0,147.0,1.0,12958.65,Tua,2
185.81,1,2,2,32.0,0,116.0,1.0,9588.71,Muda,0
447.95,1,40,1,29.0,1,75.0,1.0,7544.4,Muda,1
279.3,1,28,0,19.0,3,48.0,1.0,1193.6099999999992,Muda,1
611.15,1,11,0,27.0,3,121.0,1.0,892.8299999999999,Muda,0
275.2,1,27,2,54.0,1,81.0,1.0,1230.12,Dewasa,1
427.79,1,38,1,18.0,3,189.0,1.0,1479.67,Muda,1
102.81,1,39,1,76.0,2,47.0,1.0,3228.87,Tua,1
22.610000000000014,1,39,2,19.0,3,145.0,1.0,1111.67,Muda,1
68.28,1,4,2,56.0,1,293.0,1.0,3213.16,Tua,0
33.650000000000034,0,27,2,63.0,0,146.0,1.0,12719.93,Tua,1
362.68,0,24,0,63.0,2,137.0,1.0,2040.77,Tua,2
73.23000000000002,1,37,1,20.0,3,172.0,1.0,1309.85,Muda,1
654.49,0,2,2,25.0,3,104.0,1.0,164.60999999999967,Muda,0
18.560000000000002,0,22,1,49.0,1,161.0,1.0,4230.37,Dewasa,2
389.05,1,9,0,27.0,3,41.0,1.0,761.0,Muda,0
66.91,1,39,0,39.0,0,85.0,1.0,871.1000000000004,Dewasa,1
335.48,1,28,1,45.0,1,155.0,1.0,3023.16,Dewasa,1
38.139999999999986,1,0,2,19.0,3,174.0,1.0,1119.21,Muda,0
360.02,1,9,2,68.0,2,68.0,1.0,6400.59,Tua,0
567.71,1,22,2,63.0,0,80.0,1.0,13884.239999999998,Tua,2
218.19,1,2,0,19.0,3,185.0,1.0,620.8299999999999,Muda,0
209.99,1,10,0,19.0,3,40.000000000000014,1.0,1938.0100000000002,Muda,0
11.02000000000001,1,40,1,19.0,3,280.0,1.0,964.79,Muda,1
83.43,1,27,2,56.0,2,109.0,1.0,1870.1599999999999,Tua,1
344.97,1,2,2,34.0,0,106.0,1.0,5577.94,Dewasa,0
172.29,1,12,0,36.0,1,283.0,1.0,8700.8,Dewasa,0
195.54,1,29,2,60.0,2,255.0,1.0,2794.66,Tua,1
180.46,1,14,0,25.0,3,34.0,1.0,831.75,Muda,2
692.55,1,5,1,53.0,2,109.0,1.0,2451.56,Dewasa,0
147.31,0,23,2,34.0,0,92.0,1.0,13625.52,Dewasa,2
107.48000000000002,1,20,1,20.0,3,103.0,1.0,1379.3900000000003,Muda,2
81.50999999999999,1,42,1,25.0,3,97.0,1.0,865.4899999999998,Muda,1
365.48,0,39,2,76.0,2,216.0,1.0,7147.4,Tua,1
491.1,0,15,2,35.0,1,125.0,1.0,7833.85,Dewasa,2
452.8,1,20,1,80.0,2,151.0,1.0,4840.67,Tua,2
88.42000000000002,1,12,0,62.0,0,91.0,1.0,12381.45,Tua,0
155.53,1,3,0,29.0,1,66.0,1.0,4008.05,Muda,0
39.24000000000001,1,9,0,77.0,2,106.0,1.0,6462.41,Tua,0
78.76999999999998,0,19,0,48.0,1,50.0,1.0,6470.57,Dewasa,2
26.5,1,16,2,48.0,1,179.0,1.0,4854.83,Dewasa,2
83.62,1,33,0,48.0,0,146.0,1.0,12652.22,Dewasa,1
142.77999999999997,1,36,1,68.0,0,150.0,1.0,11705.88,Tua,1
55.99000000000001,1,12,0,35.0,0,95.0,1.0,932.6099999999997,Dewasa,0
774.48,1,21,1,61.0,0,31.0,1.0,11613.58,Tua,2
105.37,1,34,0,25.0,3,160.0,1.0,1068.5500000000002,Muda,1
118.82999999999998,1,41,2,28.0,3,295.0,1.0,1616.3000000000002,Muda,1
46.22,1,38,1,23.0,3,217.0,1.0,471.27999999999975,Muda,1
659.71,0,38,1,21.0,3,148.0,1.0,106.85999999999967,Muda,1
377.97,1,24,2,72.0,2,160.0,1.0,2457.1,Tua,2
114.1,1,4,1,69.0,2,148.0,1.0,5882.12,Tua,0
11.300000000000011,0,21,2,55.0,2,41.0,1.0,1938.9899999999998,Dewasa,2
95.5,1,29,2,57.0,2,17.0,1.0,4079.09,Tua,1
130.93,0,15,1,28.0,1,149.0,1.0,860.1199999999999,Muda,2
272.97,1,4,2,68.0,2,174.0,1.0,7811.31,Tua,0
73.35,1,37,1,24.0,3,47.0,1.0,1181.8400000000001,Muda,1
29.93999999999997,1,37,0,58.0,0,243.0,1.0,10915.54,Tua,1
820.46,0,13,2,53.0,1,243.0,1.0,5621.86,Dewasa,2
153.07,1,11,0,56.0,1,116.0,1.0,8873.43,Tua,0
52.94,1,40,1,41.0,0,146.0,1.0,6990.92,Dewasa,1
384.41,1,17,0,60.0,1,65.0,1.0,7831.56,Tua,2
235.42,1,31,1,51.0,2,175.0,1.0,6173.23,Dewasa,1
114.23000000000002,1,9,0,56.0,0,64.0,1.0,9523.72,Tua,0
12.620000000000005,1,12,1,33.0,0,61.0,1.0,6420.47,Dewasa,0
373.52,1,7,0,35.0,1,235.0,1.0,6430.41,Dewasa,0
336.05,1,35,1,28.0,3,164.0,1.0,1635.0500000000002,Muda,1
112.26999999999998,1,39,1,58.0,0,102.0,1.0,7369.89,Tua,1
494.9599999999999,1,34,0,40.0,1,132.0,1.0,6903.68,Dewasa,1
561.58,1,34,2,65.0,0,23.0,1.0,11748.86,Tua,1
440.94,1,35,2,42.0,0,148.0,1.0,7303.23,Dewasa,1
71.9,1,20,1,29.0,0,51.0,1.0,10619.35,Muda,2
256.66,0,33,2,54.0,2,137.0,1.0,1794.5,Dewasa,1
166.55,0,15,1,59.0,0,99.0,1.0,12970.21,Tua,2
276.26,1,21,1,56.0,0,143.0,1.0,120.89000000000033,Tua,2
35.46000000000001,1,16,0,67.0,0,164.0,1.0,5692.31,Tua,2
38.139999999999986,1,32,1,50.0,1,165.0,1.0,9879.87,Dewasa,1
506.26,0,3,0,64.0,2,86.0,1.0,6266.65,Tua,0
736.3200000000002,1,16,2,31.0,0,28.0,1.0,14268.95,Muda,2
389.43,0,2,0,52.0,1,151.0,1.0,6449.83,Dewasa,0
25.579999999999956,1,29,0,60.0,1,166.0,1.0,6741.41,Tua,1
446.1,1,39,0,25.0,3,243.0,1.0,1008.4400000000005,Muda,1
147.74,1,33,1,23.0,3,15.0,1.0,1711.7799999999997,Muda,1
46.22999999999999,1,14,2,77.0,2,282.0,1.0,5107.75,Tua,2
265.37,1,42,1,33.0,1,77.0,1.0,5229.95,Dewasa,1
342.57,1,4,2,20.0,3,91.0,1.0,339.15999999999985,Muda,0
417.26,0,27,2,32.0,0,45.0,1.0,10442.48,Muda,1
33.62999999999997,1,8,2,63.0,2,76.0,1.0,4324.4,Tua,0
64.57999999999998,1,12,1,55.0,2,173.0,1.0,6292.29,Dewasa,0
23.22999999999999,0,24,1,21.0,3,122.0,1.0,269.0100000000002,Muda,2
285.49,0,5,1,53.0,0,109.0,1.0,6366.84,Dewasa,0
71.87,1,26,0,21.999999999999996,3,258.0,1.0,1839.1,Muda,2
308.8,1,3,0,53.0,2,41.0,1.0,3966.54,Dewasa,0
288.43,1,31,1,66.0,2,72.0,1.0,4577.09,Tua,1
147.46,0,0,2,65.0,0,205.0,1.0,7458.03,Tua,0
170.36,1,16,0,30.0,0,118.0,1.0,6034.73,Muda,2
736.53,1,30,0,55.0,1,120.0,1.0,9826.26,Dewasa,1
213.42,1,8,0,45.0,1,17.0,1.0,3736.38,Dewasa,0
94.09,1,24,1,27.0,3,203.0,1.0,646.8500000000004,Muda,2
263.92,0,36,1,57.0,2,233.0,1.0,4161.71,Tua,1
77.5,0,13,2,51.0,0,201.0,1.0,11079.77,Dewasa,2
3.6499999999999773,1,24,2,69.0,0,146.0,1.0,10017.11,Tua,2
224.79,1,4,2,18.0,3,129.0,1.0,528.3800000000001,Muda,0
64.30000000000001,1,21,0,55.0,2,67.0,1.0,7530.3,Dewasa,2
111.79000000000002,1,17,2,62.0,0,49.0,1.0,10887.59,Tua,2
613.7,0,13,1,61.0,2,37.0,1.0,7307.11,Tua,2
170.45,1,37,1,60.0,1,199.0,1.0,2284.41,Tua,1
344.27,1,35,1,21.999999999999996,3,123.0,1.0,1918.3599999999997,Muda,1
872.72,1,42,2,21.999999999999996,3,288.0,1.0,503.0100000000002,Muda,1
292.95,1,22,1,37.0,1,56.0,1.0,1216.9099999999999,Dewasa,2
28.439999999999998,1,14,0,18.0,3,243.0,1.0,1071.04,Muda,2
209.02,1,12,0,21.0,3,74.0,1.0,187.89999999999964,Muda,0
20.05000000000004,1,6,0,72.0,2,171.0,1.0,7145.67,Tua,0
175.02,1,31,2,28.0,3,71.0,1.0,1493.88,Muda,1
89.5,0,21,1,41.0,1,134.0,1.0,8658.95,Dewasa,2
69.95999999999998,1,3,1,28.0,3,31.0,1.0,164.1199999999999,Muda,0
376.78,0,26,2,21.0,3,88.0,1.0,841.6499999999996,Muda,2
148.54,0,8,1,71.0,2,107.0,1.0,5677.05,Tua,0
388.77,0,17,2,26.0,3,30.0,1.0,1658.4899999999998,Muda,2
100.38,1,39,1,63.0,0,49.0,1.0,10171.68,Tua,1
137.23,1,14,1,64.0,0,63.0,1.0,13847.989999999998,Tua,2
870.3,1,38,0,51.0,2,229.0,1.0,3688.98,Dewasa,1
458.94,1,11,1,52.0,1,180.0,1.0,5619.95,Dewasa,0
327.35,0,22,1,20.0,3,175.0,1.0,342.0799999999999,Muda,2
757.1500000000001,1,33,2,53.0,1,38.0,1.0,4702.86,Dewasa,1
47.22999999999999,0,22,2,73.0,2,160.0,1.0,6659.81,Tua,2
170.97,1,26,1,26.0,3,292.0,1.0,1265.27,Muda,2
659.15,1,4,0,21.999999999999996,3,204.0,1.0,1241.5900000000001,Muda,0
31.53000000000003,1,18,2,25.0,3,283.0,1.0,874.9300000000003,Muda,2
250.01,1,18,0,62.0,2,88.0,1.0,1541.48,Tua,2
554.15,1,33,0,49.0,0,108.0,1.0,14817.219999999998,Dewasa,1
28.380000000000024,1,34,1,55.0,0,98.0,1.0,173.69999999999982,Dewasa,1
16.80000000000001,1,36,0,49.0,0,94.0,1.0,11847.07,Dewasa,1
896.79,1,9,2,33.0,0,168.0,1.0,11146.74,Dewasa,0
159.0,1,19,0,49.0,1,38.0,1.0,369.78999999999996,Dewasa,2
56.31,0,15,2,75.0,2,195.0,1.0,6396.08,Tua,2
203.99,1,30,2,52.0,2,215.0,1.0,4840.31,Dewasa,1
50.99000000000001,1,11,1,29.0,0,76.0,1.0,1334.6,Muda,0
101.28,0,6,2,32.0,1,75.0,1.0,2774.35,Muda,0
299.92,1,10,0,27.0,3,122.0,1.0,1368.0,Muda,0
18.350000000000023,1,26,1,21.0,3,78.0,1.0,1293.3900000000003,Muda,2
732.53,0,38,0,26.0,3,116.0,1.0,441.53999999999996,Muda,1
65.11000000000001,1,26,0,34.0,1,150.0,1.0,8485.14,Dewasa,2
67.07,0,20,0,24.0,3,56.0,1.0,999.6199999999999,Muda,2
137.48,1,39,1,55.0,0,47.0,1.0,14273.419999999998,Dewasa,1
398.36,1,8,0,21.999999999999996,3,56.0,1.0,1863.6999999999998,Muda,0
469.46,1,27,0,20.0,3,149.0,1.0,8640.56,Muda,1
37.58000000000001,1,16,0,57.0,0,182.0,1.0,259.4399999999996,Tua,2
160.24,1,42,0,31.0,1,15.0,1.0,5526.97,Muda,1
315.39,0,27,1,23.0,3,93.0,1.0,929.6000000000004,Muda,1
165.91,1,17,0,26.0,3,84.0,1.0,587.1199999999999,Muda,2
211.36,1,37,1,47.0,1,194.0,1.0,4760.34,Dewasa,1
241.45,1,32,2,26.0,3,158.0,1.0,1594.04,Muda,1
23.240000000000038,1,16,1,68.0,0,129.0,1.0,13777.79,Tua,2
70.88,0,29,1,74.0,2,176.0,1.0,1794.65,Tua,1
314.52,1,22,0,80.0,2,229.0,1.0,7071.32,Tua,2
181.81,0,2,2,78.0,2,122.0,1.0,7525.73,Tua,0
854.6400000000001,1,13,1,56.0,2,118.0,1.0,2989.25,Tua,2
261.19,1,28,0,64.0,2,52.0,1.0,7620.6,Tua,1
220.68,0,33,2,71.0,2,217.0,1.0,5549.2,Tua,1
11.860000000000014,1,34,1,31.0,1,129.0,1.0,6782.61,Muda,1
122.65,1,8,2,28.0,3,41.0,1.0,1968.5100000000002,Muda,0
395.16,1,25,2,56.0,2,17.0,1.0,5340.73,Tua,2
704.69,1,19,2,51.0,2,150.0,1.0,3267.84,Dewasa,2
369.89,1,35,0,69.0,2,69.0,1.0,6941.47,Tua,1
10.919999999999987,1,17,0,67.0,2,268.0,1.0,7567.2,Tua,2
199.14,1,39,1,31.0,1,36.0,1.0,7001.25,Muda,1
620.54,0,29,1,28.0,3,98.0,1.0,213.35999999999967,Muda,1
757.79,1,5,2,21.999999999999996,3,117.0,1.0,1443.02,Muda,0
122.81,1,38,1,52.0,0,12.0,1.0,8450.84,Dewasa,1
96.25,1,15,2,61.0,2,171.0,1.0,7996.7,Tua,2
142.55,1,18,2,67.0,0,97.0,1.0,1262.6800000000003,Tua,2
35.940000000000026,0,14,1,23.0,3,141.0,1.0,1697.2799999999997,Muda,2
24.860000000000014,1,17,1,58.0,1,292.0,1.0,2591.65,Tua,2
103.07999999999998,1,37,2,60.0,0,109.0,1.0,12002.16,Tua,1
116.26999999999998,1,32,2,57.0,1,94.0,1.0,8726.92,Tua,1
50.900000000000006,0,17,2,28.0,3,150.0,1.0,1277.6999999999998,Muda,2
206.84,1,30,1,20.0,3,154.0,1.0,454.65999999999985,Muda,1
199.37,1,6,2,24.0,3,79.0,1.0,1331.3000000000002,Muda,0
18.22999999999999,1,26,0,56.0,1,28.0,1.0,8422.2,Tua,2
398.7,1,0,0,47.0,0,276.0,1.0,7987.74,Dewasa,0
378.2,1,23,1,40.0,1,167.0,1.0,7372.81,Dewasa,2
124.74000000000001,1,20,0,49.0,1,33.0,1.0,2987.97,Dewasa,2
17.099999999999966,1,0,0,53.0,2,101.0,1.0,1619.54,Dewasa,0
287.05,1,25,0,21.999999999999996,3,212.0,1.0,1204.65,Muda,2
874.72,1,37,2,28.0,1,173.0,1.0,4630.58,Muda,1
40.120000000000005,0,9,0,36.0,0,269.0,1.0,14304.379999999997,Dewasa,0
125.0,0,16,2,49.0,1,177.0,1.0,3215.76,Dewasa,2
348.44,1,3,2,24.0,3,147.0,1.0,1022.94,Muda,0
128.4,1,40,0,69.0,2,31.0,1.0,2610.64,Tua,1
320.93,1,1,2,55.0,1,178.0,1.0,9451.66,Dewasa,0
1.4099999999999682,1,34,0,53.0,2,278.0,1.0,1244.17,Dewasa,1
50.52000000000001,1,20,1,54.0,0,293.0,1.0,12815.24,Dewasa,2
383.95,0,36,2,31.0,1,143.0,1.0,9933.56,Muda,1
12.939999999999998,1,14,1,23.0,3,158.0,1.0,921.2300000000005,Muda,2
329.75,1,34,2,56.0,2,211.0,1.0,6009.43,Tua,1
99.25,0,31,2,63.0,2,93.0,1.0,2570.34,Tua,1
150.6,1,24,0,69.0,2,59.0,1.0,3240.14,Tua,2
29.5,1,35,2,73.0,2,129.0,1.0,1229.3199999999997,Tua,1
54.34,1,0,0,65.0,0,46.0,1.0,8019.89,Tua,0
18.25,1,18,0,53.0,0,17.999999999999986,1.0,14328.29,Dewasa,2
633.87,1,18,2,27.0,3,175.0,1.0,330.15999999999985,Muda,2
81.15,1,24,0,19.0,3,114.0,1.0,1595.2600000000002,Muda,2
83.94999999999999,1,27,2,75.0,2,170.0,1.0,7413.18,Tua,1
410.4,0,41,0,61.0,2,78.0,1.0,2563.91,Tua,1
172.68,1,3,0,33.0,0,17.0,1.0,10724.95,Dewasa,0
139.88,1,7,0,34.0,1,162.0,1.0,2969.71,Dewasa,0
165.55,1,9,1,28.0,3,115.0,1.0,761.7799999999997,Muda,0
285.69,1,24,0,63.0,2,35.0,1.0,2552.54,Tua,2
532.4,1,17,0,21.999999999999996,3,149.0,1.0,1033.73,Muda,2
293.85,1,5,2,25.0,3,144.0,1.0,1919.9700000000003,Muda,0
27.939999999999998,1,1,1,79.0,2,120.0,1.0,1893.44,Tua,0
270.36,1,28,0,25.0,3,37.0,1.0,1783.04,Muda,1
506.03,1,11,1,21.0,3,21.0,1.0,1123.8900000000003,Muda,0
206.95,1,39,1,21.999999999999996,3,31.0,1.0,1817.65,Muda,1
350.96,1,40,0,63.0,2,167.0,1.0,5463.94,Tua,1
261.63,1,6,1,20.0,3,150.0,1.0,477.02999999999975,Muda,0
46.120000000000005,1,14,1,59.0,0,30.0,1.0,8874.01,Tua,2
27.25,0,18,1,63.0,2,92.0,1.0,5365.2,Tua,2
331.66,1,19,0,76.0,2,145.0,1.0,7216.3,Tua,2
667.95,0,28,0,62.0,0,253.0,1.0,13558.559999999998,Tua,1
556.04,1,10,0,72.0,2,27.0,1.0,5200.04,Tua,0
88.06,0,33,2,18.0,3,288.0,1.0,1779.85,Muda,1
67.25,1,24,2,19.0,3,157.0,1.0,467.39999999999964,Muda,2
93.63,1,27,0,29.0,1,141.0,1.0,9873.62,Muda,1
41.129999999999995,0,30,1,77.0,2,58.00000000000001,1.0,6067.54,Tua,1
192.02,0,16,2,79.0,2,154.0,1.0,5169.07,Tua,2
291.27,1,11,1,77.0,2,121.0,1.0,6878.86,Tua,0
341.84,0,12,1,27.0,3,89.0,1.0,1400.04,Muda,0
98.41,1,34,2,27.0,3,48.0,1.0,912.71,Muda,1
27.51000000000002,0,8,2,40.0,0,103.0,1.0,13645.629999999997,Dewasa,0
25.77000000000001,0,36,2,45.0,0,277.0,1.0,11749.77,Dewasa,1
127.57,1,26,0,52.0,2,75.0,1.0,6118.2,Dewasa,2
392.05,1,10,0,60.0,1,172.0,1.0,4383.69,Tua,0
521.01,0,39,1,41.0,1,73.0,1.0,4004.55,Dewasa,1
849.76,1,39,0,25.0,3,269.0,1.0,373.8800000000001,Muda,1
172.5,1,8,2,68.0,0,31.0,1.0,6851.16,Tua,0
152.34,1,29,1,55.0,0,115.0,1.0,6853.51,Dewasa,1
21.129999999999967,1,9,1,28.0,3,153.0,1.0,948.6999999999998,Muda,0
111.55000000000001,1,10,0,46.0,0,101.0,1.0,12221.17,Dewasa,0
321.82,0,33,1,32.0,1,43.0,1.0,6500.5,Muda,1
148.77,1,38,1,67.0,2,175.0,1.0,2138.42,Tua,1
566.33,0,5,0,24.0,3,66.0,1.0,379.8199999999997,Muda,0
180.94,1,33,1,75.0,2,57.0,1.0,7659.99,Tua,1
77.9,1,42,1,21.0,3,128.0,1.0,664.7200000000003,Muda,1
318.92,0,42,1,21.0,3,60.0,1.0,1167.2499999999995,Muda,1
100.68,1,22,2,63.0,2,139.0,1.0,1123.7499999999995,Tua,2
589.64,1,5,2,62.0,2,210.0,1.0,2039.4,Tua,0
225.93,0,29,1,25.0,3,199.0,1.0,1864.27,Muda,1
651.55,1,31,2,72.0,2,82.0,1.0,2325.78,Tua,1
80.97,1,39,2,38.0,0,157.0,1.0,5926.31,Dewasa,1
191.89,1,35,1,25.0,3,14.0,1.0,399.5699999999997,Muda,1
304.75,0,2,1,78.0,2,125.0,1.0,1916.3400000000001,Tua,0
201.53,1,40,2,68.0,2,287.0,1.0,2732.86,Tua,1
8.449999999999989,1,30,0,21.999999999999996,3,141.0,1.0,1115.3000000000002,Muda,1
743.24,0,16,2,19.0,3,109.0,1.0,1024.19,Muda,2
16.27000000000001,1,1,0,57.0,0,44.0,1.0,10971.32,Tua,0
290.86,1,21,2,45.0,0,36.0,1.0,14631.879999999997,Dewasa,2
555.71,0,4,1,21.999999999999996,3,73.0,1.0,830.3699999999999,Muda,0
73.00999999999999,0,25,2,25.0,3,62.0,1.0,1997.33,Muda,2
346.12,1,37,1,44.0,0,12.0,1.0,13084.27,Dewasa,1
7.559999999999974,1,25,0,40.0,0,145.0,1.0,8528.72,Dewasa,2
540.4,1,15,1,45.0,0,272.0,1.0,425.7699999999995,Dewasa,2
264.14,1,3,0,64.0,0,125.0,1.0,8459.26,Tua,0
248.15,1,25,0,75.0,2,202.0,1.0,2649.23,Tua,2
24.340000000000003,1,33,1,54.0,1,110.0,1.0,6659.12,Dewasa,1
428.61,1,13,0,66.0,0,62.0,1.0,11937.04,Tua,2
117.66,0,22,1,39.0,0,126.0,1.0,6794.17,Dewasa,2
165.8,1,26,2,60.0,1,287.0,1.0,2064.76,Tua,2
289.18,1,3,0,65.0,2,64.0,1.0,3139.75,Tua,0
125.38999999999999,1,20,0,21.0,3,140.0,1.0,202.6899999999996,Muda,2
506.9,0,15,1,64.0,0,56.0,1.0,11471.87,Tua,2
504.12,0,3,1,25.0,3,101.0,1.0,1107.2799999999997,Muda,0
42.09,1,10,1,29.0,1,118.0,1.0,5526.28,Muda,0
607.28,1,3,0,32.0,0,84.0,1.0,9679.68,Muda,0
91.9,1,6,2,77.0,2,125.0,1.0,1033.9399999999996,Tua,0
303.43,1,41,1,21.999999999999996,3,30.0,1.0,1833.2399999999998,Muda,1
668.78,1,23,0,20.0,3,141.0,1.0,983.6800000000003,Muda,2
270.54,0,34,0,20.0,3,139.0,1.0,269.77999999999975,Muda,1
247.93,1,16,1,37.0,1,79.0,1.0,9801.48,Dewasa,2
34.670000000000044,1,6,2,19.0,3,71.0,1.0,888.6000000000004,Muda,0
326.03,0,27,2,18.0,3,137.0,1.0,290.2399999999998,Muda,1
373.99,1,34,0,60.0,0,140.0,1.0,8590.5,Tua,1
819.48,1,41,0,25.0,3,26.0,1.0,1804.5,Muda,1
14.0,1,35,0,49.0,1,173.0,1.0,7975.18,Dewasa,1
57.16,1,8,0,40.0,1,74.0,1.0,222.22000000000025,Dewasa,0
282.26,1,22,2,37.0,1,278.0,1.0,6857.2,Dewasa,2
473.2,1,15,2,34.0,0,173.0,1.0,248.52000000000044,Dewasa,2
192.97,1,34,0,59.0,2,140.0,1.0,3019.04,Tua,1
168.99,1,3,0,18.0,3,203.0,1.0,1523.5699999999997,Muda,0
1.8200000000000216,1,37,2,80.0,2,60.0,1.0,5571.39,Tua,1
40.900000000000006,1,5,0,55.0,0,37.0,1.0,1514.3400000000001,Dewasa,0
78.91,1,34,2,61.0,0,157.0,1.0,1817.4300000000003,Tua,1
169.97,0,36,0,21.999999999999996,3,12.0,1.0,6269.12,Muda,1
486.61,0,34,0,48.0,1,130.0,1.0,2006.69,Dewasa,1
148.13,1,31,1,58.0,2,56.0,1.0,2189.38,Tua,1
164.52,1,9,0,61.0,0,162.0,1.0,11036.74,Tua,0
268.7,1,25,0,53.0,2,63.0,1.0,2104.74,Dewasa,2
637.34,1,16,0,51.0,2,278.0,1.0,5183.5,Dewasa,2
216.76,0,29,2,47.0,1,138.0,1.0,643.6400000000003,Dewasa,1
418.02,1,20,0,46.0,0,110.0,1.0,11011.86,Dewasa,2
292.03,0,22,0,46.0,1,154.0,1.0,951.3299999999999,Dewasa,2
251.4,1,40,0,57.0,2,178.0,1.0,2561.67,Tua,1
184.56,1,41,2,21.0,3,93.0,1.0,1549.27,Muda,1
33.75999999999999,1,39,2,26.0,1,227.0,1.0,3253.51,Muda,1
138.68,0,7,1,21.999999999999996,3,44.0,1.0,206.19999999999982,Muda,0
42.56,1,14,2,18.0,3,146.0,1.0,4361.44,Muda,2
53.829999999999984,1,3,1,70.0,2,131.0,1.0,4580.59,Tua,0
11.090000000000032,1,5,1,51.0,1,95.0,1.0,2990.05,Dewasa,0
449.18,1,10,2,67.0,2,50.0,1.0,1025.9899999999998,Tua,0
297.6,1,25,2,39.0,0,162.0,1.0,1461.17,Dewasa,2
683.75,1,19,1,32.0,0,106.0,1.0,6333.72,Muda,2
315.94,1,29,0,78.0,2,93.0,1.0,4273.99,Tua,1
223.76,0,4,1,74.0,2,110.0,1.0,4102.23,Tua,0
216.03,1,4,0,42.0,0,300.0,1.0,10462.77,Dewasa,0
17.420000000000016,1,9,0,74.0,2,150.0,1.0,6851.31,Tua,0
491.91,1,25,2,78.0,2,155.0,1.0,2421.94,Tua,2
218.07,1,2,1,23.0,3,243.0,1.0,443.6199999999999,Muda,0
422.14,0,0,1,26.0,3,109.0,1.0,1436.3199999999997,Muda,0
613.21,1,40,0,61.0,2,157.0,1.0,3279.12,Tua,1
73.82999999999998,1,19,2,69.0,0,69.0,1.0,6020.29,Tua,2
67.32999999999998,1,11,2,59.0,1,36.0,1.0,5925.98,Tua,0
26.920000000000044,1,16,0,62.0,2,43.0,1.0,1674.94,Tua,2
18.30000000000004,1,23,2,48.0,1,155.0,1.0,3733.52,Dewasa,2
317.94,1,20,0,54.0,1,124.0,1.0,2996.51,Dewasa,2
179.38,1,23,2,40.0,0,173.0,1.0,11666.18,Dewasa,2
13.919999999999987,1,20,0,37.0,1,209.0,1.0,2735.84,Dewasa,2
365.43,1,32,0,25.0,3,176.0,1.0,1073.5100000000002,Muda,1
263.59,1,9,1,71.0,2,16.0,1.0,6996.35,Tua,0
54.80000000000001,1,0,1,34.0,1,140.0,1.0,4943.49,Dewasa,0
31.389999999999958,1,40,0,20.0,3,15.0,1.0,998.4899999999998,Muda,1
5.710000000000008,1,40,1,21.0,3,106.0,1.0,1285.42,Muda,1
178.39,1,40,2,34.0,1,98.0,1.0,8469.43,Dewasa,1
36.089999999999975,1,8,1,53.0,0,167.0,1.0,12319.26,Dewasa,0
91.76999999999998,1,29,1,51.0,0,174.0,1.0,9240.73,Dewasa,1
137.81,1,11,1,58.0,1,44.0,1.0,2631.47,Tua,0
256.34,1,18,1,69.0,2,99.0,1.0,7471.63,Tua,2
56.110000000000014,1,4,1,36.0,0,109.0,1.0,11123.65,Dewasa,0
118.1,1,13,0,50.0,1,50.0,1.0,7976.6,Dewasa,2
137.86,0,34,2,66.0,0,120.0,1.0,8046.94,Tua,1
813.78,0,1,0,54.0,0,55.0,1.0,14935.5,Dewasa,0
237.97,1,8,0,69.0,0,69.0,1.0,13486.149999999998,Tua,0
684.96,1,23,0,21.0,3,31.0,1.0,526.6700000000001,Muda,2
878.6300000000001,1,8,0,60.0,1,139.0,1.0,4954.37,Tua,0
276.56,1,2,1,68.0,0,15.0,1.0,8942.58,Tua,0
8.75,1,21,0,79.0,2,199.0,1.0,4044.62,Tua,2
637.48,1,7,2,65.0,2,207.0,1.0,4148.85,Tua,0
103.15,1,36,1,51.0,0,179.0,1.0,11388.15,Dewasa,1
505.6,1,10,1,52.0,2,183.0,1.0,5347.57,Dewasa,0
371.86,1,24,0,46.0,0,91.0,1.0,1329.4499999999998,Dewasa,2
14.259999999999991,1,41,1,50.0,1,37.0,1.0,2475.65,Dewasa,1
13.159999999999997,1,23,1,43.0,1,98.0,1.0,1019.46,Dewasa,2
73.00999999999999,1,15,0,56.0,2,101.0,1.0,2833.12,Tua,2
201.5,0,9,2,61.0,0,196.0,1.0,12148.32,Tua,0
150.3,1,19,2,41.0,0,204.0,1.0,14371.079999999998,Dewasa,2
23.69999999999999,1,37,0,46.0,0,32.0,1.0,7947.44,Dewasa,1
49.59,1,4,1,48.0,1,147.0,1.0,6037.03,Dewasa,0
720.1300000000001,0,29,0,21.999999999999996,3,96.0,1.0,387.0199999999995,Muda,1
134.92000000000002,1,20,2,19.0,3,101.0,1.0,1081.9699999999998,Muda,2
116.97,1,28,0,18.0,3,299.0,1.0,729.6999999999998,Muda,1
88.29000000000002,0,15,2,50.0,1,287.0,1.0,5245.93,Dewasa,2
5.810000000000031,1,15,0,25.0,3,222.0,1.0,1290.9499999999998,Muda,2
103.48000000000002,1,3,0,32.0,1,33.0,1.0,6494.25,Muda,0
156.74,1,28,0,70.0,2,136.0,1.0,4004.35,Tua,1
505.14,1,32,0,68.0,2,179.0,1.0,2525.47,Tua,1
31.060000000000002,1,18,0,46.0,0,61.0,1.0,11014.25,Dewasa,2
7.610000000000014,1,1,0,50.0,0,163.0,1.0,6275.0,Dewasa,0
276.16,0,32,0,53.0,2,71.0,1.0,1733.3400000000001,Dewasa,1
145.77,1,22,0,68.0,2,237.0,1.0,5294.98,Tua,2
369.44,1,11,2,34.0,1,19.0,1.0,5018.67,Dewasa,0
558.86,1,2,0,60.0,0,95.0,1.0,9844.32,Tua,0
429.15,1,19,1,26.0,3,218.0,1.0,712.1300000000001,Muda,2
36.73999999999998,1,40,1,33.0,0,133.0,1.0,6217.58,Dewasa,1
79.13999999999999,0,32,2,57.0,2,22.0,1.0,2229.56,Tua,1
132.48,1,5,1,36.0,1,101.0,1.0,9313.05,Dewasa,0
203.76,1,7,1,55.0,2,37.0,1.0,6747.16,Dewasa,0
750.95,1,6,1,78.0,2,27.0,1.0,5134.37,Tua,0
0.839999999999975,1,2,0,52.0,1,31.0,1.0,2207.54,Dewasa,0
257.18,1,20,2,67.0,0,28.0,1.0,13336.149999999998,Tua,2
767.66,1,38,0,63.0,0,155.0,1.0,1801.69,Tua,1
182.29,1,36,2,54.0,0,123.0,1.0,522.3900000000003,Dewasa,1
184.51,0,32,2,54.0,0,118.0,1.0,9381.64,Dewasa,1
144.1,1,6,1,57.0,0,30.0,1.0,11523.64,Tua,0
72.5,1,13,0,40.0,0,30.0,1.0,12723.62,Dewasa,2
22.149999999999977,1,10,1,44.0,0,73.0,1.0,7451.83,Dewasa,0
777.9200000000001,1,2,1,62.0,0,97.0,1.0,7061.58,Tua,0
790.0700000000002,1,24,2,28.0,3,197.0,1.0,985.7699999999995,Muda,2
767.4100000000001,1,13,0,56.0,0,27.0,1.0,12799.34,Tua,2
4.5800000000000125,0,1,2,21.0,3,135.0,1.0,811.2399999999998,Muda,0
49.670000000000016,1,1,2,21.0,3,146.0,1.0,842.9399999999996,Muda,0
77.82999999999998,0,18,1,49.0,1,146.0,1.0,2471.53,Dewasa,2
702.87,1,42,0,19.0,3,184.0,1.0,1237.5,Muda,1
868.05,0,36,2,49.0,1,119.0,1.0,3931.03,Dewasa,1
52.870000000000005,1,16,1,24.0,3,70.0,1.0,960.96,Muda,2
179.0,1,15,0,78.0,2,121.0,1.0,7310.88,Tua,2
384.11,1,13,0,58.0,2,12.0,1.0,7902.52,Tua,2
227.61,1,15,2,71.0,2,61.0,1.0,4405.28,Tua,2
40.829999999999984,1,16,0,48.0,1,24.0,1.0,3944.12,Dewasa,2
484.24,1,33,1,67.0,0,77.0,1.0,8042.3,Tua,1
301.47,1,7,1,21.0,3,291.0,1.0,560.7300000000005,Muda,0
199.09,1,11,2,70.0,0,89.0,1.0,1658.52,Tua,0
515.94,1,37,0,29.0,1,37.0,1.0,1389.8900000000003,Muda,1
41.93000000000001,1,14,0,48.0,1,136.0,1.0,5081.26,Dewasa,2
95.35,1,6,2,21.0,3,131.0,1.0,1639.9,Muda,0
93.13999999999999,1,22,2,67.0,2,151.0,1.0,5473.82,Tua,2
79.32999999999998,0,19,2,51.0,0,109.0,1.0,14798.099999999999,Dewasa,2
233.71,1,17,2,19.0,3,297.0,1.0,1231.98,Muda,2
14.919999999999987,1,19,1,26.0,1,120.0,1.0,6611.26,Muda,2
242.17,1,17,0,60.0,0,147.0,1.0,883.7200000000003,Tua,2
122.98000000000002,1,17,2,79.0,2,228.0,1.0,5055.99,Tua,2
129.35000000000002,1,19,0,52.0,1,130.0,1.0,7166.88,Dewasa,2
138.32999999999998,1,9,2,21.0,3,69.0,1.0,232.5600000000004,Muda,0
39.31,1,32,2,25.0,3,178.0,1.0,1236.38,Muda,1
91.85,1,39,2,21.0,3,148.0,1.0,802.0900000000001,Muda,1
277.7,1,26,1,58.0,1,107.0,1.0,1423.1999999999998,Tua,2
114.03,1,32,0,51.0,0,172.0,1.0,13388.559999999998,Dewasa,1
302.63,0,38,1,27.0,1,10.0,1.0,2801.28,Muda,1
31.190000000000026,1,5,0,52.0,1,74.0,1.0,5545.96,Dewasa,0
112.91,0,40,2,27.0,1,135.0,1.0,4764.48,Muda,1
742.26,1,36,2,27.0,1,36.0,1.0,7868.19,Muda,1
256.8,1,5,0,26.0,3,80.0,1.0,1128.38,Muda,0
378.68,1,13,0,60.0,0,239.0,1.0,7627.04,Tua,2
571.93,1,42,2,52.0,2,119.0,1.0,4026.03,Dewasa,1
26.310000000000002,0,2,2,77.0,2,163.0,1.0,7095.76,Tua,0
533.61,1,23,2,48.0,1,115.0,1.0,3656.93,Dewasa,2
428.62,1,33,1,55.0,2,72.0,1.0,3473.24,Dewasa,1
361.22,1,33,0,64.0,2,167.0,1.0,7061.73,Tua,1
837.29,1,31,1,25.0,3,216.0,1.0,6012.67,Muda,1
135.27000000000004,1,1,0,48.0,0,131.0,1.0,9410.51,Dewasa,0
185.1,1,0,1,53.0,2,23.0,1.0,6115.63,Dewasa,0
354.96,1,13,2,69.0,0,96.0,1.0,6712.94,Tua,2
224.22,1,14,1,53.0,0,37.0,1.0,8400.87,Dewasa,2
737.1000000000001,1,42,0,60.0,2,92.0,1.0,4644.19,Tua,1
223.22,1,13,0,27.0,3,96.0,1.0,1734.2200000000003,Muda,2
557.26,1,38,0,69.0,0,53.0,1.0,5237.12,Tua,1
27.439999999999998,1,4,0,62.0,2,164.0,1.0,5950.48,Tua,0
310.09,1,11,1,36.0,0,166.0,1.0,9962.5,Dewasa,0
80.38,1,18,2,52.0,0,116.0,1.0,9662.88,Dewasa,2
26.100000000000023,0,11,1,66.0,0,115.0,1.0,5243.0,Tua,0
845.1400000000001,0,28,1,73.0,2,183.0,1.0,1702.65,Tua,1
59.72999999999999,1,14,0,27.0,3,56.0,1.0,800.9300000000003,Muda,2
758.77,1,35,0,60.0,1,114.0,1.0,7231.47,Tua,1
301.51,1,5,0,21.999999999999996,3,284.0,1.0,1052.3099999999995,Muda,0
118.06,0,19,1,32.0,0,31.0,1.0,13560.629999999997,Muda,2
483.9200000000001,1,27,0,70.0,2,115.0,1.0,3138.0,Tua,1
78.93,1,23,0,38.0,0,145.0,1.0,9916.24,Dewasa,2
36.62999999999997,1,24,0,75.0,2,261.0,1.0,7941.73,Tua,2
87.85,1,7,1,49.0,1,63.0,1.0,3753.24,Dewasa,0
705.3400000000001,1,42,2,59.0,0,124.0,1.0,5003.22,Tua,1
116.88999999999999,1,8,2,71.0,2,226.0,1.0,4880.31,Tua,0
106.41,1,20,1,57.0,2,87.0,1.0,1310.38,Tua,2
584.41,1,19,0,23.0,3,41.0,1.0,4475.22,Muda,2
584.98,0,6,1,55.0,2,121.0,1.0,6521.05,Dewasa,0
79.20999999999998,1,7,1,56.0,2,140.0,1.0,1615.04,Tua,0
173.13,0,1,2,20.0,3,288.0,1.0,1490.3400000000001,Muda,0
422.81,1,20,1,28.0,3,193.0,1.0,1929.2799999999997,Muda,2
135.43,1,38,0,57.0,2,92.0,1.0,5315.83,Tua,1
308.94,1,20,2,25.0,3,167.0,1.0,1931.6599999999999,Muda,2
295.93,1,4,1,36.0,0,117.0,1.0,1050.63,Dewasa,0
77.44,1,42,1,58.0,2,268.0,1.0,1950.63,Tua,1
92.5,0,39,2,40.0,1,70.0,1.0,6295.45,Dewasa,1
97.74000000000001,0,20,2,41.0,1,137.0,1.0,4113.63,Dewasa,2
291.68,1,8,0,21.0,3,90.0,1.0,1451.02,Muda,0
56.96000000000001,1,0,0,21.999999999999996,3,135.0,1.0,1597.85,Muda,0
436.8,1,39,2,27.0,3,92.0,1.0,1256.33,Muda,1
259.49,1,2,2,72.0,2,292.0,1.0,7320.61,Tua,0
726.26,1,29,2,57.0,2,147.0,1.0,2150.38,Tua,1
568.68,1,15,0,72.0,2,101.0,1.0,2940.04,Tua,2
14.159999999999997,0,28,1,74.0,2,290.0,1.0,5399.76,Tua,1
61.329999999999984,1,33,0,27.0,1,129.0,1.0,7537.4,Muda,1
27.639999999999986,1,27,2,54.0,1,23.0,1.0,7498.51,Dewasa,1
3.8499999999999943,1,38,0,29.0,0,32.0,1.0,10506.41,Muda,1
431.22,0,2,1,73.0,2,129.0,1.0,6505.98,Tua,0
178.55,1,15,1,55.0,1,67.0,1.0,7568.4,Dewasa,2
248.76,1,10,0,18.0,3,56.0,1.0,546.46,Muda,0
76.16,1,37,0,23.0,3,99.0,1.0,1072.2499999999995,Muda,1
347.25,1,16,0,69.0,0,250.0,1.0,7273.55,Tua,2
325.98,1,42,0,19.0,3,277.0,1.0,782.3500000000004,Muda,1
249.56,1,27,1,76.0,2,246.0,1.0,4444.95,Tua,1
17.430000000000035,1,0,0,56.0,0,33.0,1.0,10658.88,Tua,0
198.01,0,2,1,26.0,3,40.000000000000014,1.0,250.9300000000003,Muda,0
585.58,1,33,1,23.0,3,55.0,1.0,1729.02,Muda,1
434.67,0,41,2,27.0,3,124.0,1.0,1298.13,Muda,1
510.7,0,26,2,27.0,3,294.0,1.0,5828.48,Muda,2
331.98,1,10,0,74.0,2,12.0,1.0,7600.99,Tua,0
199.54,1,32,2,56.0,1,268.0,1.0,9603.73,Tua,1
212.97,1,1,2,59.0,1,178.0,1.0,4180.4,Tua,0
270.56,1,30,2,23.0,3,139.0,1.0,1268.44,Muda,1
306.37,1,7,0,26.0,1,120.0,1.0,9609.67,Muda,0
643.02,0,11,0,38.0,0,85.0,1.0,11989.39,Dewasa,0
98.48000000000002,1,24,1,47.0,1,12.0,1.0,9538.92,Dewasa,2
889.01,1,41,2,36.0,1,169.0,1.0,4826.88,Dewasa,1
537.86,1,18,2,27.0,3,134.0,1.0,293.0600000000004,Muda,2
241.18,1,23,0,25.0,3,162.0,1.0,1445.5299999999997,Muda,2
130.54,1,1,0,64.0,0,94.0,1.0,11204.62,Tua,0
800.29,0,36,1,20.0,3,84.0,1.0,693.3999999999996,Muda,1
8.81000000000003,1,9,2,57.0,0,165.0,1.0,13523.649999999998,Tua,0
28.52000000000004,1,11,0,20.0,3,163.0,1.0,662.5100000000002,Muda,0
431.31,0,1,2,23.0,3,99.0,1.0,342.7300000000005,Muda,0
885.3300000000002,0,33,0,47.0,1,59.0,1.0,7764.16,Dewasa,1
199.23,1,40,0,29.0,1,54.0,1.0,9834.0,Muda,1
42.25999999999999,1,33,0,44.0,0,171.0,1.0,268.7699999999995,Dewasa,1
166.06,1,16,0,30.0,1,172.0,1.0,5397.68,Muda,2
588.37,1,9,2,28.0,3,284.0,1.0,1926.08,Muda,0
72.82,1,15,2,68.0,0,127.0,1.0,6911.62,Tua,2
162.36,1,40,2,36.0,1,147.0,1.0,7527.04,Dewasa,1
584.82,0,26,2,43.0,0,109.0,1.0,12071.1,Dewasa,2
38.150000000000006,0,28,2,72.0,2,129.0,1.0,1425.4700000000003,Tua,1
639.57,1,30,1,60.0,0,43.0,1.0,11726.47,Tua,1
58.22999999999999,1,31,2,28.0,3,34.0,1.0,9189.76,Muda,1
776.21,0,33,2,78.0,2,99.0,1.0,4895.87,Tua,1
188.61,1,4,2,67.0,2,26.0,1.0,7167.57,Tua,0
675.37,0,17,2,56.0,2,31.0,1.0,4704.91,Tua,2
94.82,0,8,1,67.0,2,56.0,1.0,1267.7200000000003,Tua,0
425.18,0,14,2,59.0,1,135.0,1.0,5790.55,Tua,2
50.28,1,28,1,60.0,1,65.0,1.0,5729.1,Tua,1
70.68,1,12,2,25.0,3,105.0,1.0,1478.4099999999999,Muda,0
261.77,1,6,2,28.0,3,46.0,1.0,824.71,Muda,0
183.22,1,25,0,27.0,3,63.0,1.0,1024.4199999999996,Muda,2
156.86,1,5,0,51.0,0,102.0,1.0,14453.349999999999,Dewasa,0
120.67000000000002,1,7,0,42.0,0,233.0,1.0,5374.54,Dewasa,0
308.62,0,34,1,59.0,1,101.0,1.0,9148.08,Tua,1
506.81,1,25,0,59.0,1,41.0,1.0,2757.23,Tua,2
328.39,1,27,0,41.0,1,108.0,1.0,2523.83,Dewasa,1
796.3,1,2,1,67.0,2,64.0,1.0,1498.79,Tua,0
72.47,1,4,2,29.0,0,72.0,1.0,1305.56,Muda,0
279.6,1,13,0,25.0,3,131.0,1.0,1910.9,Muda,2
304.2,1,16,2,25.0,3,102.0,1.0,423.6400000000003,Muda,2
351.38,1,27,1,64.0,2,21.0,1.0,7606.63,Tua,1
86.07,1,9,1,31.0,0,23.0,1.0,842.5600000000004,Muda,0
604.5,1,32,0,28.0,3,80.0,1.0,709.4200000000001,Muda,1
258.7,1,5,0,27.0,3,123.0,1.0,1358.37,Muda,0
11.460000000000008,0,2,1,75.0,2,64.0,1.0,7258.33,Tua,0
63.75999999999999,1,35,0,69.0,2,100.0,1.0,4980.26,Tua,1
446.83,0,24,1,55.0,2,143.0,1.0,1623.5,Dewasa,2
63.53999999999999,1,9,0,26.0,1,136.0,1.0,4401.78,Muda,0
81.11000000000001,1,5,2,48.0,1,110.0,1.0,2051.37,Dewasa,0
170.96,1,42,1,64.0,0,69.0,1.0,13374.89,Tua,1
48.50999999999999,1,2,1,21.999999999999996,3,69.0,1.0,3363.23,Muda,0
325.03,1,17,1,60.0,0,106.0,1.0,13521.759999999998,Tua,2
738.94,1,30,1,41.0,0,173.0,1.0,13856.18,Dewasa,1
180.36,0,28,2,33.0,1,55.0,1.0,9905.23,Dewasa,1
720.46,1,40,1,54.0,2,44.0,1.0,3101.54,Dewasa,1
291.46,1,24,0,57.0,2,135.0,1.0,7142.53,Tua,2
98.24000000000001,1,23,2,28.0,3,148.0,1.0,580.6599999999999,Muda,2
100.48000000000002,0,25,1,18.0,3,104.0,1.0,6149.81,Muda,2
45.900000000000006,1,8,1,56.0,1,264.0,1.0,5698.25,Tua,0
258.21,1,35,2,39.0,0,225.0,1.0,9562.41,Dewasa,1
287.51,1,12,2,21.999999999999996,3,255.0,1.0,187.64999999999964,Muda,0
501.3,0,35,2,26.0,1,146.0,1.0,8520.08,Muda,1
26.100000000000023,1,23,0,27.0,3,32.0,1.0,1435.7200000000003,Muda,2
436.77,1,17,0,20.0,3,176.0,1.0,825.6899999999996,Muda,2
123.35,0,3,2,31.0,0,10.0,1.0,6852.16,Muda,0
139.52,1,32,1,23.0,3,31.0,1.0,1570.2200000000003,Muda,1
2.5100000000000193,1,3,2,63.0,2,32.0,1.0,4891.56,Tua,0
22.620000000000005,1,41,0,64.0,0,102.0,1.0,7682.0,Tua,1
126.82999999999998,1,2,1,57.0,2,39.0,1.0,6100.98,Tua,0
46.599999999999994,1,11,2,55.0,0,68.0,1.0,1562.9,Dewasa,0
243.8,1,37,1,57.0,0,48.0,1.0,13732.809999999998,Tua,1
231.51,0,28,1,60.0,2,96.0,1.0,5790.7,Tua,1
762.74,1,20,0,64.0,0,244.0,1.0,207.10000000000036,Tua,2
34.03,1,20,1,57.0,1,38.0,1.0,3077.2,Tua,2
101.50999999999999,0,40,2,46.0,1,199.0,1.0,3052.47,Dewasa,1
309.42,1,14,1,27.0,1,42.0,1.0,8564.46,Muda,2
257.6,0,13,2,59.0,2,293.0,1.0,7950.74,Tua,2
82.00999999999999,0,34,1,23.0,3,156.0,1.0,287.46000000000004,Muda,1
476.99,1,36,2,23.0,3,187.0,1.0,1154.4799999999996,Muda,1
333.39,1,30,0,68.0,0,35.0,1.0,10628.59,Tua,1
10.300000000000011,1,14,0,47.0,1,197.0,1.0,7801.32,Dewasa,2
98.94999999999999,1,23,1,75.0,2,73.0,1.0,5670.82,Tua,2
215.13,1,5,2,46.0,1,114.0,1.0,3956.69,Dewasa,0
218.57,0,22,1,62.0,0,102.0,1.0,13869.86,Tua,2
341.88,1,2,0,43.0,1,89.0,1.0,4159.52,Dewasa,0
50.43000000000001,1,38,1,32.0,0,51.0,1.0,9794.26,Muda,1
440.43,1,7,1,78.0,2,23.0,1.0,5123.24,Tua,0
1.9800000000000182,1,39,0,66.0,0,170.0,1.0,11619.1,Tua,1
173.45,1,30,0,31.0,1,161.0,1.0,9077.62,Muda,1
438.76,1,35,1,21.999999999999996,3,73.0,1.0,1824.19,Muda,1
519.62,0,42,2,71.0,2,40.000000000000014,1.0,4159.33,Tua,1
738.6799999999998,1,6,2,50.0,0,124.0,1.0,14352.329999999998,Dewasa,0
151.14,1,22,2,64.0,2,38.0,1.0,2156.54,Tua,2
444.52,1,21,2,27.0,1,17.0,1.0,5424.6,Muda,2
5.289999999999964,1,16,2,52.0,0,276.0,1.0,11263.89,Dewasa,2
97.63,0,25,2,48.0,0,127.0,1.0,12467.31,Dewasa,2
256.95,1,36,1,26.0,1,71.0,1.0,2531.24,Muda,1
734.86,0,4,1,48.0,1,290.0,1.0,6242.03,Dewasa,0
84.28,1,22,1,39.0,0,142.0,1.0,13586.059999999998,Dewasa,2
202.49,0,41,0,48.0,1,69.0,1.0,7447.1,Dewasa,1
154.99,1,23,1,25.0,3,53.0,1.0,1419.31,Muda,2
481.53,1,1,1,58.0,2,277.0,1.0,6142.54,Tua,0
172.92,1,24,2,20.0,3,212.0,1.0,416.3699999999999,Muda,2
275.59,0,30,1,53.0,2,238.0,1.0,6313.22,Dewasa,1
207.2,1,8,2,60.0,1,133.0,1.0,8092.94,Tua,0
136.82,1,6,1,31.0,1,14.0,1.0,6229.13,Muda,0
26.30000000000001,1,41,0,32.0,0,33.0,1.0,7473.73,Muda,1
319.5,0,41,1,29.0,1,69.0,1.0,2366.3,Muda,1
182.42,1,18,1,51.0,2,137.0,1.0,3051.29,Dewasa,2
716.62,1,1,0,44.0,0,241.0,1.0,6987.4,Dewasa,0
222.96,0,14,0,65.0,0,150.0,1.0,7370.41,Tua,2
79.76999999999998,1,37,0,68.0,2,167.0,1.0,5010.31,Tua,1
592.24,1,40,0,52.0,0,140.0,1.0,9817.05,Dewasa,1
200.19,0,35,1,52.0,2,108.0,1.0,4389.96,Dewasa,1
343.88,1,26,2,63.0,2,97.0,1.0,6486.18,Tua,2
162.1,1,25,1,41.0,1,151.0,1.0,8576.65,Dewasa,2
36.12000000000003,1,15,2,21.999999999999996,3,234.0,1.0,1593.0299999999997,Muda,2
354.91,1,4,0,74.0,2,191.0,1.0,3872.55,Tua,0
38.410000000000025,1,10,0,40.0,0,117.0,1.0,9129.68,Dewasa,0
13.300000000000011,1,35,0,23.0,3,63.0,1.0,213.0,Muda,1
189.65,1,5,0,21.0,3,60.0,1.0,8457.09,Muda,0
255.32,1,3,0,80.0,2,27.0,1.0,6290.62,Tua,0
230.51,0,22,1,51.0,1,56.0,1.0,9522.37,Dewasa,2
237.74,1,40,0,61.0,0,152.0,1.0,11795.12,Tua,1
85.00999999999999,0,32,0,25.0,3,157.0,1.0,1299.4,Muda,1
444.47,1,38,2,57.0,2,61.0,1.0,6062.94,Tua,1
55.97999999999999,0,18,1,24.0,3,87.0,1.0,7047.04,Muda,2
54.91,0,8,0,41.0,1,275.0,1.0,7927.27,Dewasa,0
393.74,1,5,2,26.0,3,90.0,1.0,1769.06,Muda,0
515.57,1,8,0,27.0,1,56.0,1.0,9269.67,Muda,0
332.15,1,9,0,59.0,0,105.0,1.0,9749.46,Tua,0
177.94,1,25,2,19.0,3,173.0,1.0,123.23999999999978,Muda,2
240.03,1,1,2,33.0,1,31.0,1.0,7807.73,Dewasa,0
474.77,1,4,2,46.0,1,284.0,1.0,8494.53,Dewasa,0
451.7,1,6,2,29.0,1,103.0,1.0,8994.67,Muda,0
243.85,1,29,1,39.0,1,43.0,1.0,4576.78,Dewasa,1
435.08,1,37,2,55.0,1,78.0,1.0,2103.41,Dewasa,1
127.78,1,24,0,20.0,3,170.0,1.0,1046.6599999999999,Muda,2
23.140000000000015,0,23,2,47.0,0,93.0,1.0,10536.54,Dewasa,2
545.87,1,24,1,27.0,1,41.0,1.0,4860.01,Muda,2
21.210000000000008,1,26,2,55.0,1,37.0,1.0,9575.42,Dewasa,2
423.53,0,18,1,50.0,0,81.0,1.0,5453.4,Dewasa,2
114.15,1,1,0,19.0,3,52.0,1.0,1612.4,Muda,0
275.98,0,42,2,72.0,2,67.0,1.0,6151.05,Tua,1
590.68,1,42,1,27.0,3,23.0,1.0,852.1999999999998,Muda,1
152.42,1,38,0,42.0,0,176.0,1.0,9141.79,Dewasa,1
395.77,0,12,1,43.0,0,118.0,1.0,6425.99,Dewasa,0
615.16,1,4,2,26.0,3,140.0,1.0,214.60999999999967,Muda,0
207.82,0,19,2,19.0,3,30.0,1.0,229.02000000000044,Muda,2
220.52,1,39,0,57.0,2,152.0,1.0,1793.0900000000001,Tua,1
281.47,1,30,0,34.0,1,142.0,1.0,4437.48,Dewasa,1
57.91,0,34,1,58.0,1,97.0,1.0,3641.06,Tua,1
30.47999999999996,0,39,1,32.0,0,78.0,1.0,11481.85,Muda,1
424.47,1,28,2,21.999999999999996,3,116.0,1.0,5491.55,Muda,1
228.4,1,29,0,67.0,0,116.0,1.0,9598.43,Tua,1
67.17000000000002,1,39,2,63.0,0,48.0,1.0,14410.439999999999,Tua,1
118.69,1,29,2,33.0,0,296.0,1.0,749.3400000000001,Dewasa,1
221.33,1,21,0,27.0,3,276.0,1.0,1185.4300000000007,Muda,2
252.31,0,39,0,26.0,3,172.0,1.0,1584.6,Muda,1
433.53,1,30,1,38.0,0,231.0,1.0,6368.32,Dewasa,1
178.26,1,28,0,59.0,2,59.0,1.0,1137.1300000000006,Tua,1
237.0,1,40,2,49.0,0,115.0,1.0,14021.399999999998,Dewasa,1
347.63,0,6,2,25.0,3,272.0,1.0,1400.04,Muda,0
517.68,1,29,0,31.0,0,24.0,1.0,11305.81,Muda,1
36.24999999999997,1,40,1,52.0,0,76.0,1.0,193.0600000000004,Dewasa,1
46.53,1,37,0,42.0,1,34.0,1.0,4468.12,Dewasa,1
207.47,1,24,0,53.0,0,12.0,1.0,1688.9,Dewasa,2
199.7,1,16,0,43.0,1,285.0,1.0,7574.45,Dewasa,2
307.89,0,26,2,62.0,2,90.0,1.0,2637.55,Tua,2
20.059999999999974,1,22,0,27.0,3,144.0,1.0,445.21000000000004,Muda,2
236.57,1,34,0,79.0,2,112.0,1.0,3488.77,Tua,1
0.3199999999999932,1,4,0,39.0,1,136.0,1.0,7158.58,Dewasa,0
14.28000000000003,1,31,0,23.0,3,81.0,1.0,1597.5100000000002,Muda,1
232.35,0,1,1,33.0,1,153.0,1.0,4186.25,Dewasa,0
317.53,1,24,2,44.0,1,104.0,1.0,6237.68,Dewasa,2
74.67000000000002,1,16,0,43.0,1,283.0,1.0,3449.35,Dewasa,2
65.00999999999999,0,2,2,29.0,0,67.0,1.0,10235.19,Muda,0
0.44999999999998863,1,18,1,34.0,1,172.0,1.0,8670.23,Dewasa,2
364.13,1,13,0,63.0,0,61.0,1.0,8198.0,Tua,2
222.66,1,11,2,39.0,0,88.0,1.0,14466.379999999997,Dewasa,0
638.24,1,31,1,48.0,1,64.0,1.0,5695.78,Dewasa,1
241.21,1,29,0,31.0,1,108.0,1.0,1220.8599999999997,Muda,1
171.16,1,27,2,51.0,2,42.0,1.0,6126.5,Dewasa,1
37.64999999999998,0,38,2,27.0,3,109.0,1.0,411.77999999999975,Muda,1
25.77000000000001,1,22,2,68.0,2,17.999999999999986,1.0,4331.54,Tua,2
789.8,1,17,0,40.0,0,94.0,1.0,13948.09,Dewasa,2
806.97,1,39,2,25.0,3,11.0,1.0,102.19999999999982,Muda,1
490.82,1,18,0,26.0,1,114.0,1.0,8704.27,Muda,2
311.28,1,1,1,49.0,0,198.0,1.0,135.96000000000004,Dewasa,0
85.03,1,36,0,51.0,2,48.0,1.0,4597.57,Dewasa,1
307.75,1,11,1,64.0,0,63.0,1.0,1061.5799999999995,Tua,0
333.67,1,13,2,36.0,1,68.0,1.0,9238.08,Dewasa,2
372.08,1,15,1,66.0,0,63.0,1.0,13330.739999999998,Tua,2
502.9,0,14,2,26.0,3,141.0,1.0,341.2399999999998,Muda,2
103.81,1,28,0,36.0,0,34.0,1.0,7044.63,Dewasa,1
69.43,1,19,0,30.0,1,162.0,1.0,9281.85,Muda,2
110.4,0,36,0,56.0,0,62.0,1.0,8639.36,Tua,1
251.8,1,23,0,62.0,0,102.0,1.0,11796.66,Tua,2
334.07,1,27,1,59.0,1,200.0,1.0,7306.79,Tua,1
52.44,1,33,2,27.0,3,87.0,1.0,3157.75,Muda,1
141.37,1,10,2,46.0,1,77.0,1.0,1019.7699999999995,Dewasa,0
211.7,0,6,2,50.0,0,205.0,1.0,12272.78,Dewasa,0
308.23,1,19,0,60.0,2,23.0,1.0,4150.63,Tua,2
111.41,1,6,1,21.0,3,181.0,1.0,1204.1099999999997,Muda,0
675.49,1,5,0,61.0,2,159.0,1.0,1893.0,Tua,0
294.61,1,29,1,60.0,2,74.0,1.0,7375.59,Tua,1
106.43,0,31,0,52.0,1,164.0,1.0,9403.12,Dewasa,1
381.52,1,39,2,36.0,0,79.0,1.0,5798.92,Dewasa,1
5.660000000000025,1,14,1,40.0,1,33.0,1.0,5434.64,Dewasa,2
209.09,1,41,0,48.0,0,203.0,1.0,9100.81,Dewasa,1
521.81,1,41,0,47.0,1,34.0,1.0,4750.96,Dewasa,1
588.36,1,5,2,33.0,1,134.0,1.0,8434.99,Dewasa,0
146.67,1,0,2,20.0,3,273.0,1.0,1569.75,Muda,0
57.34,1,1,2,27.0,3,81.0,1.0,1100.6399999999999,Muda,0
294.77,1,30,2,77.0,2,101.0,1.0,2272.17,Tua,1
162.59,1,16,1,64.0,2,19.0,1.0,7104.83,Tua,2
56.150000000000006,1,26,1,31.0,0,77.0,1.0,13265.92,Muda,2
524.55,1,12,0,39.0,0,175.0,1.0,8292.75,Dewasa,0
535.4,1,36,1,23.0,3,110.0,1.0,651.8400000000001,Muda,1
56.84,1,33,0,45.0,1,185.0,1.0,7977.78,Dewasa,1
124.05000000000001,0,0,1,61.0,0,220.0,1.0,7009.54,Tua,0
802.8900000000001,1,6,0,19.0,3,175.0,1.0,1973.63,Muda,0
193.16,1,5,0,64.0,2,109.0,1.0,2304.56,Tua,0
541.52,0,16,1,48.0,1,161.0,1.0,6087.24,Dewasa,2
20.169999999999987,1,35,0,77.0,2,86.0,1.0,3869.37,Tua,1
35.98000000000002,0,26,1,40.0,0,133.0,1.0,11147.34,Dewasa,2
273.24,1,14,1,51.0,2,173.0,1.0,2202.21,Dewasa,2
663.45,1,0,0,67.0,2,147.0,1.0,5897.29,Tua,0
343.86,1,5,1,57.0,1,70.0,1.0,3278.65,Tua,0
75.43,1,14,0,77.0,2,266.0,1.0,1441.8599999999997,Tua,2
86.79000000000002,1,13,1,33.0,0,166.0,1.0,8795.37,Dewasa,2
14.099999999999966,1,21,1,45.0,1,73.0,1.0,6949.21,Dewasa,2
63.329999999999984,0,21,1,23.0,3,124.0,1.0,792.3299999999999,Muda,2
606.27,1,21,1,29.0,0,42.0,1.0,9668.78,Muda,2
4.469999999999999,1,3,1,27.0,3,132.0,1.0,1381.75,Muda,0
338.69,1,41,1,18.0,3,169.0,1.0,1137.8900000000003,Muda,1
97.73000000000002,1,34,1,69.0,0,156.0,1.0,7885.21,Tua,1
27.610000000000042,0,13,0,54.0,2,26.0,1.0,3679.64,Dewasa,2
284.17,1,22,0,51.0,2,189.0,1.0,3479.56,Dewasa,2
76.20999999999998,1,20,1,21.999999999999996,3,69.0,1.0,664.9300000000003,Muda,2
584.51,1,10,0,74.0,2,76.0,1.0,3254.56,Tua,0
432.18,1,19,1,18.0,3,162.0,1.0,678.8299999999999,Muda,2
134.55,1,38,2,59.0,0,165.0,1.0,14852.419999999998,Tua,1
61.66,1,34,0,26.0,3,86.0,1.0,5705.4,Muda,1
12.350000000000023,1,14,1,25.0,3,22.0,1.0,1846.85,Muda,2
213.25,1,37,1,25.0,3,63.0,1.0,677.79,Muda,1
34.93000000000001,1,8,1,31.0,1,72.0,1.0,2810.37,Muda,0
335.68,1,40,2,24.0,3,142.0,1.0,1188.9499999999998,Muda,1
423.96,1,36,0,43.0,0,75.0,1.0,8374.38,Dewasa,1
220.82,1,21,1,42.0,1,31.0,1.0,4298.13,Dewasa,2
406.12,1,15,0,42.0,0,106.0,1.0,10501.53,Dewasa,2
427.83,1,31,0,47.0,1,29.000000000000014,1.0,3293.06,Dewasa,1
21.900000000000006,1,31,0,28.0,3,30.0,1.0,1052.27,Muda,1
393.68,1,36,0,55.0,0,141.0,1.0,10135.88,Dewasa,1
281.91,1,10,1,25.0,3,269.0,1.0,225.52999999999975,Muda,0
239.85,1,40,0,70.0,2,50.0,1.0,1477.63,Tua,1
237.84,1,26,1,26.0,3,16.0,1.0,8932.39,Muda,2
459.29,0,18,2,64.0,2,109.0,1.0,1006.1199999999994,Tua,2
196.49,1,28,1,41.0,1,65.0,1.0,7516.56,Dewasa,1
344.87,1,15,1,58.0,2,25.0,1.0,7447.44,Tua,2
129.62,0,38,0,23.0,3,124.0,1.0,620.2799999999997,Muda,1
16.529999999999973,1,15,0,21.0,3,220.0,1.0,707.9499999999998,Muda,2
277.02,0,10,0,46.0,0,227.0,1.0,8586.38,Dewasa,0
13.020000000000039,1,5,1,51.0,0,42.0,1.0,6076.45,Dewasa,0
199.02,1,22,0,21.999999999999996,3,185.0,1.0,793.6300000000001,Muda,2
684.5,1,13,1,29.0,0,76.0,1.0,6258.63,Muda,2
45.920000000000016,1,26,0,26.0,3,23.0,1.0,544.5600000000004,Muda,2
761.73,1,8,0,19.0,3,27.0,1.0,151.27999999999975,Muda,0
331.38,1,24,0,42.0,1,122.0,1.0,844.5500000000002,Dewasa,2
602.8,1,3,1,60.0,2,173.0,1.0,7417.69,Tua,0
64.12,0,16,1,57.0,0,222.0,1.0,1029.0900000000006,Tua,2
94.63999999999999,0,27,0,28.0,3,144.0,1.0,586.7600000000002,Muda,1
155.56,0,2,1,19.0,3,64.0,1.0,129.78999999999996,Muda,0
301.39,0,10,2,47.0,0,104.0,1.0,10548.58,Dewasa,0
136.31,1,26,2,74.0,2,65.0,1.0,4384.95,Tua,2
4.389999999999986,1,30,0,26.0,3,63.0,1.0,1429.6099999999997,Muda,1
429.25,1,39,2,29.0,1,107.0,1.0,5019.68,Muda,1
138.54,0,2,1,60.0,1,93.0,1.0,8274.77,Tua,0
33.03,1,42,1,21.0,3,28.0,1.0,935.8800000000001,Muda,1
76.38999999999999,1,34,2,30.0,0,80.0,1.0,11584.32,Muda,1
25.319999999999993,1,28,0,19.0,3,25.0,1.0,1642.3400000000001,Muda,1
330.91,1,18,0,36.0,1,28.0,1.0,6481.35,Dewasa,2
153.55,1,10,2,37.0,0,16.0,1.0,5619.91,Dewasa,0
217.61,1,29,2,27.0,3,120.0,1.0,1661.1,Muda,1
131.69,0,10,1,53.0,1,59.0,1.0,2958.43,Dewasa,0
68.49000000000001,1,26,2,67.0,2,49.0,1.0,6683.31,Tua,2
470.62,1,40,1,57.0,0,127.0,1.0,12470.62,Tua,1
385.35,1,24,1,38.0,0,269.0,1.0,5184.13,Dewasa,2
275.87,1,39,0,25.0,3,112.0,1.0,1697.58,Muda,1
90.94,0,7,0,63.0,2,56.0,1.0,3896.08,Tua,0
206.25,1,3,0,74.0,2,56.0,1.0,3651.07,Tua,0
116.75999999999999,1,30,0,51.0,1,212.0,1.0,4480.43,Dewasa,1
91.5,1,29,0,47.0,0,77.0,1.0,667.6599999999999,Dewasa,1
489.31,1,21,1,43.0,1,36.0,1.0,5595.22,Dewasa,2
414.49,0,31,2,58.0,0,108.0,1.0,12709.58,Tua,1
28.380000000000024,1,40,1,45.0,0,260.0,1.0,8892.62,Dewasa,1
456.05,1,11,1,68.0,0,20.0,1.0,11729.51,Tua,0
54.84,1,18,2,52.0,2,124.0,1.0,3495.51,Dewasa,2
29.920000000000016,0,10,2,68.0,0,63.0,1.0,7855.01,Tua,0
133.06,1,19,2,35.0,1,143.0,1.0,8843.44,Dewasa,2
468.32,1,14,2,69.0,2,152.0,1.0,4710.04,Tua,2
245.62,1,35,1,23.0,3,127.0,1.0,1879.8199999999997,Muda,1
83.6,1,38,0,47.0,0,192.0,1.0,13899.239999999998,Dewasa,1
331.22,0,28,1,61.0,0,161.0,1.0,12613.25,Tua,1
57.49000000000001,0,11,2,24.0,3,177.0,1.0,765.1499999999996,Muda,0
157.56,1,16,1,43.0,0,159.0,1.0,7541.16,Dewasa,2
230.3,1,7,2,46.0,1,24.0,1.0,8356.88,Dewasa,0
305.92,1,12,0,72.0,2,88.0,1.0,1445.4700000000003,Tua,0
116.32999999999998,1,14,1,27.0,3,144.0,1.0,1696.15,Muda,2
537.71,0,23,2,19.0,3,175.0,1.0,1806.08,Muda,2
538.17,0,42,1,27.0,1,252.0,1.0,5908.04,Muda,1
219.44,1,42,2,42.0,1,23.0,1.0,4207.27,Dewasa,1
58.77000000000001,1,22,2,27.0,1,191.0,1.0,7261.7,Muda,2
719.76,1,37,1,19.0,3,190.0,1.0,690.5199999999995,Muda,1
163.22,1,24,2,26.0,3,217.0,1.0,1788.27,Muda,2
291.22,0,3,2,41.0,1,100.0,1.0,3677.63,Dewasa,0
56.52000000000001,1,29,0,42.0,1,152.0,1.0,6911.2,Dewasa,1
195.8,1,33,2,39.0,0,186.0,1.0,12027.68,Dewasa,1
66.75999999999999,0,2,1,36.0,0,44.0,1.0,184.72000000000025,Dewasa,0
106.99000000000001,1,29,1,38.0,1,152.0,1.0,5771.4,Dewasa,1
107.1,0,30,2,25.0,3,175.0,1.0,193.80000000000018,Muda,1
235.34,1,42,1,26.0,3,68.0,1.0,566.8299999999999,Muda,1
86.35,0,16,1,52.0,2,24.0,1.0,1550.48,Dewasa,2
337.99,1,7,0,70.0,0,115.0,1.0,9038.63,Tua,0
577.13,0,38,1,40.0,1,66.0,1.0,6640.51,Dewasa,1
213.33,1,29,0,52.0,2,161.0,1.0,5400.44,Dewasa,1
883.9200000000001,0,40,2,53.0,2,129.0,1.0,2342.64,Dewasa,1
69.80000000000001,0,27,1,27.0,3,138.0,1.0,136.77000000000044,Muda,1
768.94,1,16,1,64.0,2,53.0,1.0,6860.18,Tua,2
179.62,1,40,2,24.0,3,119.0,1.0,409.2600000000002,Muda,1
425.91,1,17,0,23.0,3,47.0,1.0,383.5799999999999,Muda,2
263.34,1,10,0,64.0,2,55.0,1.0,2411.02,Tua,0
113.03,0,40,2,36.0,0,12.0,1.0,6756.13,Dewasa,1
11.02000000000001,1,2,2,42.0,0,42.0,1.0,7879.66,Dewasa,0
865.1700000000001,1,15,1,24.0,3,161.0,1.0,9297.5,Muda,2
152.0,1,0,0,51.0,1,63.0,1.0,7531.43,Dewasa,0
270.39,1,17,0,25.0,3,104.0,1.0,899.1499999999996,Muda,2
261.45,0,28,2,50.0,1,96.0,1.0,6735.74,Dewasa,1
99.98000000000002,0,42,2,73.0,2,152.0,1.0,3037.97,Tua,1
400.69,1,19,2,32.0,1,26.0,1.0,9040.33,Muda,2
411.47,1,13,0,26.0,3,120.0,1.0,796.6300000000001,Muda,2
204.63,1,19,2,52.0,1,92.0,1.0,9199.52,Dewasa,2
421.56,1,38,2,53.0,1,144.0,1.0,8037.87,Dewasa,1
193.38,1,22,0,18.0,3,285.0,1.0,1081.7899999999995,Muda,2
377.04,1,6,0,34.0,1,64.0,1.0,3812.87,Dewasa,0
54.099999999999994,0,4,1,28.0,1,17.0,1.0,940.9099999999999,Muda,0
18.099999999999994,1,21,0,57.0,2,66.0,1.0,6474.34,Tua,2
408.62,0,13,2,48.0,1,159.0,1.0,2498.48,Dewasa,2
162.1,1,3,1,64.0,0,221.0,1.0,9578.74,Tua,0
165.31,1,4,0,49.0,0,28.0,1.0,7346.66,Dewasa,0
856.9000000000001,1,27,1,36.0,1,150.0,1.0,8579.69,Dewasa,1
271.22,0,21,0,45.0,0,87.0,1.0,6863.02,Dewasa,2
307.68,0,11,2,75.0,2,162.0,1.0,2052.84,Tua,0
348.17,1,12,0,21.0,3,181.0,1.0,1887.8400000000001,Muda,0
557.78,0,31,1,26.0,3,102.0,1.0,1289.48,Muda,1
325.6,1,9,0,69.0,0,88.0,1.0,13777.099999999999,Tua,0
235.83,0,22,2,53.0,1,169.0,1.0,4120.75,Dewasa,2
603.54,1,0,2,44.0,0,26.0,1.0,10517.47,Dewasa,0
270.25,1,40,0,31.0,1,42.0,1.0,5414.97,Muda,1
123.38,1,34,2,59.0,0,40.000000000000014,1.0,13542.41,Tua,1
577.12,1,41,0,39.0,1,69.0,1.0,5265.88,Dewasa,1
92.24000000000001,1,30,1,60.0,1,93.0,1.0,6937.48,Tua,1
856.21,0,7,1,33.0,0,109.0,1.0,12690.79,Dewasa,0
251.54,1,40,1,48.0,0,177.0,1.0,254.75,Dewasa,1
28.629999999999995,1,36,1,56.0,2,146.0,1.0,3382.91,Tua,1
185.97,1,10,2,23.0,3,19.0,1.0,1776.9099999999999,Muda,0
243.08,0,17,2,24.0,3,93.0,1.0,131.25,Muda,2
12.180000000000007,1,27,1,76.0,2,77.0,1.0,4909.24,Tua,1
232.12,1,29,0,37.0,1,51.0,1.0,6689.87,Dewasa,1
198.62,0,40,1,27.0,3,84.0,1.0,1196.0699999999997,Muda,1
